时间戳,职位名称,公司名称,公司地址,公司介绍
2024-09-14 15:30:37,python爬虫工程师,合聚变信息技术公司,福州,"杭州合聚变信息技术有限公司成立于2021年，位于杭州，在福州开设运营中心，是一家专注服务于抖音直播数据的SaaS服务商。

“考古加”是杭州合聚变信息技术有限公司旗下品牌。是为内容电商而生的专业数据服务平台。通过对抖音生态数据进行全面且深度的商业价值挖掘，助力众多达人主播、品牌商家和服务机构提升决策效率，实现精准营销。

作为国内头部的抖音数据分析服务平台，考古加依托于专业的数据处理能力，并深度结合电商运营需求的实际，始终秉承”考古家“精神，致力于深度挖掘数据背后的价值。截止2022年，考古加已服务超过百万名用户，每日需处理高达千万级的数据监测量，处于行业先进前列。"
2024-09-14 15:30:38,爬虫实习生,北京亿思摩博网络科技,北京,环信成立于2013年4月，是国内领行的企业级软件服务提供商，于2016年荣膺“Gartner 2016 Cool Vendor”。旗下主要产品线包括即时通讯能力PaaS平台——环信即时通讯云，全场景音视频PaaS平台——环信实时音视频云，全媒体智能客服SaaS平台——环信客服云，以及企业级人工智能服务能力平台——环信机器人，是国内较早覆盖云通讯、云客服、智能机器人的一体化产品技术储备企服公司。环信即时通讯云共服务了30万家APP客户，注册开发者近40万，SDK覆盖手机终端23亿部。典型政企用户包括：中移在线、广东电信、福建电信、华为、长江证券、兰州银行、中国人寿财险、海尔、潍柴动力、新浪、国美在线、我爱我家、北京市政府、广东司法、德邦物流、运满满等。环信客服云共服务了107506家企业客户，现已覆盖包括保险、证券、银行、电商、教育、汽车、物流、出行等领域的众多标杆企业。包括中信证券、太平洋保险、中意人寿、平安科技、南京银行、中国银联、广东电网、广西电网、国美在线、宜家、链家自如客、新东方、奔驰、东风雷诺、优信二手车、神州专车、中通快递、南方航空、厦门航空、北京公交等。环信机器人共开通了30000+机器人智能服务，通过服务好中意人寿、中信证券、天津农商行、新东方、中通快递、宜家等头部客户推出相应的深度行业解决方案，在包括保险、证券、银行、教育、物流等重点行业确立了优势。
2024-09-14 15:30:38,Python爬虫数据清洗,睿晖,上海,"公司名称深圳市睿晖信息咨询有限公司
法定代表人周航
成立日期2023-08-30
企业类型有限责任公司
经营状态存续
注册资金5万人民币
查看全部"
2024-09-14 15:30:39,python工程师,大船团科技,西安,"一、公司介绍
Who are we?
大船团科技有限公司是一群由多年电商从业经验，知名跨境头部公司技术高级负责人和名校计算机博士组建的创新型品牌+商业团队。
What do we do?
我们立足TIKTOK，打造全球MCN网红孵化平台，拥有自营POP的跨境品牌店铺TIKTOK平台全托管店铺，旨在为好的产品提供出海变现思路。同时，深耕内容建设，打造国际传播效果的优质内容。公司拥有庞大的自营内容创作团队，和源源不断的原生达人内容分发团队，是品牌一站式出海的内容服务商。
How do we work?
我们从历史古都西安开始，坚持靠谱、坦诚、高效、突破的工作模式，强调管理最小化，沟通扁平化。员工在专业领域拥有话语权和自主权，我们信赖员工，尊重员工，相信企业组织的价值来自于员工自我价值的实现。我们管理宽松，福利优厚，我们坚信工作的目的是为了生活，我们尊重个人的价值观和权力。这里的小伙伴激情活力、年轻奋进、追求卓越、快乐积极。"
2024-09-14 15:30:39,python爬虫开发工程师,安徽鱼群网络有限公司,合肥,"公司名称安徽鱼群网络科技有限公司
法定代表人兰伟思
成立日期2021-03-31
企业类型有限责任公司（自然人投资或控股）
经营状态存续
注册资金500万人民币
查看全部"
2024-09-14 15:30:40,python开发,auto eco智动一刻,厦门,智动一刻是厦门佳因特科技联合成立的企业，成立于2021年，专注孵化专注研究企业数字化转型技术解决方案。通过自主创新的自动化云开发模式，研究软件系统设计、研发标准化、项目管理标准化，提高软件开发生产效率。服务领域覆盖：游戏工程、数字孪生、集成系统、数据分析、IOT物联网。
2024-09-14 15:30:40,爬虫工程师（实习）,琻瑢信息,上海,云通数科由一群具有证券投资、金融统计以及大数据技术等跨界背景的专业人士共同 创建，创始团队成员有多位中国人民大学、复旦大学、上海大学的教授，整体拥有较强的学术科研背景。公司专注于基金数据挖掘及基金评价研究，是目前国内少有的独立三方基金研究机构。公司核心业务体系构架包括核心数据、系统工具和研究服务三 大板块。公司目前已获得数千万级别的Pre-A轮融资。
2024-09-14 15:30:41,python爬虫开发工程师,协助网络,合肥,"合肥协助网络科技有限公司
公司地处合肥市蜀山区，市中繁华地带，毗邻安徽电视台，环境优越，风景独好，为程序员们带来不一般的工作体验。
目前协助网络正在扩大团队，欢迎优秀的你加入我们！！"
2024-09-14 15:30:42,python工程师,曼孚科技,杭州,"曼孚科技是行业领先的人工智能数据解决方案供应商，通过聚焦全栈式数字化智能平台的研发，打通感知与认知智能的边界，推动人工智能在更多垂直场景实现落地应用。

曼孚科技旗下主要产品服务包括SaaS级的数据服务平台，AI数据中台服务，基础数据服务(数据采集、数据清洗、数据标注)等。凭借成熟的商业模式、独到的产业洞察以及夯实的技术根基，帮助自动驾驶、智慧安防、新零售等垂直场景用户从数据中获得更深入的行业洞察力。

曼孚智能是先进的AI数据服务解决方案提供商，公司拥有在图像识别，视频识别，语音识别，别义理解等领域的专业数据服务，具有专业领先的核心技术体系。

曼孚科技（Mindflow）是由北大校友创办的，行业领先的AI基础架构与数据智能平台服务商，以搭建智能化数据中台及多源异构数据存储流通服务作为核心发展方向。通过聚焦人工智能通用基础设施的构建，打通感知与认知智能的边界，推动人工智能在更多垂直场景实现落地应用。公司最近完成了B轮数千万人民币的融资，准备大力拓展团队，非常期待优秀的伙伴加入我们！

现在开始，加入曼孚和我们一起为AI的发展贡献力量，为了十年后更棒的世界！"
2024-09-14 15:30:42,高级python爬虫工程师,希鱼冷链,深圳,"公司名称深圳希鱼鲜生冷链有限公司
法定代表人金劲帆
成立日期2023-07-31
企业类型有限责任公司（自然人独资）
经营状态存续
注册资金1000万人民币
查看全部"
2024-09-14 15:30:42,python售后讲师,长沙慧卓耀科技,长沙,长沙慧卓耀科技，我们是在线教育领域的黑马，以教学培养、职业规划为核心，帮助学员提升技术技能，加强职场核心竞争力，走出职业困境。我们的产品包括新媒体运营技术、编程等直播课程课程对标一线大厂技术人才标准，目前在线学习人数已突破100万人次，VP学员人数已经突破20000多名。我们的团队快乐、拼搏、简单、高效!公司汇集了一线大厂、独角兽企业中高端研发人才，在这里你将亲密接触互联网一线人才获得一手潮流信息，对话技术大咖、行业牛人。我们的成果显著，帮助20000+学员提升T技能，70%学员涨薪。我们的使命是帮助更多的人实现自己的职业梦想!
2024-09-14 15:30:43,python爬虫开发 兼职,小创易,吉林,"公司名称吉林市小创易文化传媒有限责任公司
法定代表人陈柄棋
成立日期2019-08-09
企业类型有限责任公司（自然人独资）
经营状态存续
注册资金50万
查看全部"
2024-09-14 15:30:44,python爬虫工程师,青藤大数据服务部,哈尔滨,"公司名称哈尔滨市南岗区青藤大数据服务部（个体工商户）
法定代表人黄金玉
成立日期2024-07-08
企业类型个体工商户
经营状态存续
注册资金-
查看全部"
2024-09-14 15:30:44,（兼职）Python/深度学习/机器学习/Matlab,明润企业管理,杭州,我们是一家专业的企业管理咨询公司，成立十余年间，凭借过硬的专业和服务，领跑于中国企业管理咨询行业。
2024-09-14 15:30:44,python爬虫工程师（周末双休）,叁川传媒,广州,"叄川传媒成立于2011年，致力于成为中国最有价值的品效合一的营销策略公司。已成功打造娱乐、动漫、汽车、美妆、美食、时尚、萌宠等多个领域的内容IP。 成立至今，公司凭借强大的内容生产能力及强传播能力，旗下自媒体已形成全网日均播放量1600万+，历史累计播放总量250亿+，全网订阅用户2亿+的优质内容媒体矩阵。 在未来的发展目标中，叄川传媒将挖掘更多优秀人才的队伍，创造具有强爆发力的高质量内容，致力成为国内最顶尖的内容生产及IP孵化的营销策略公司。
2018年公司创新增设直播流量转化板块，打通大量top级主播，独家完成双十一，年货节，618等电商平台营销节点的大型营销活动，品类涵盖美妆、酒水、精品、服装、家居、电器等 100多种，主播队队伍壮大，跑出多名抖音直播带货酒水赛道头部达人，双十一期间GMV达到5200w+，年货节创GMV7000W+。
公司于2020年建立了集MCN机构、网红培训孵化、全品类供应链、电商直播、流量核科技、产业众创空间于一体的产业孵化园，总面积近2w平方，是华南地区最大的抖音直播基地之一。旗下的多个知名短视频ip：粤知一二（全网3500w粉丝）、天天逗事（全网3000w粉丝）、广东靓仔风少（单视频播放量超过一亿次+、闹腾男孩KC（抖音粉丝超1000w，全网播放量50亿+）、郑河豚等广东本土知名账号。
叁川传媒正处于高速发展的阶段，这里，需要一群有技术、有热情、爱生活、爱工作的小伙伴们。如果你是一个喜欢开心生活、快乐工作的小伙伴，请关注我们的岗位，在这里，你将得到意想不到的收获。"
2024-09-14 15:30:45,Python爬虫开发工程师 (MJ000168),多比特,武汉,"武汉市多比特信息科技有限公司（简称多比特）成立于2014年，目前人员规模600+人，过半成员来自海内外知名互联网公司或名校毕业。

公司专注于研发、运营和发行，拥有成熟且领先市场技术的研发及运营团队，目前已上线近200款自研产品，为全球170多个国家和地区数以亿计的用户提供优质游戏体检，全球累计下载注册用户超8亿。

公司秉承用""数据驱动，平台赋能""的发展理念，建立起服务于游戏研发、发行、运营、买量、变现全产业链路的大平台体系，形成核心产品壁垒、核心技术壁垒，并正在探索游戏AI前沿技术。

公司成长历程：
2014 公司成立
2015 公司盈利
2016 湖北省高新技术企业
湖北省版权示范单位
2017 游戏“吹来吹趣”获得“年度中国原创游戏精品出版工程”
2018 瞪羚企业
“光谷高科技高成长”企业
2019 瞪羚王
“光谷高科技高成长”企业
“中国高科技高成长”企业
武汉软件百强企业
腾讯—游戏行业卓越媒体
360—最具潜力合作伙伴
2020 抗疫先进企业（疫情捐赠100万）
VIVO—年度最具流量价值合作伙伴
2021 产品累计用户超8亿。
国家文化出口重点企业

为什么加入我们
【产品靠谱】产品量级大、数据好、公司持续盈利；
【团队优秀】扁平化管理、团队氛围好、充分授权；
【注重发展】定期培训和技能分享、持续提升个人竞争力；
【薪酬丰厚】薪资有竞争力、主动调薪、丰厚年终；
【福利完善】周末双休、高基数五险、全额公积金、年度体检、节假日福利、生日福利、花样下午茶、各种团建；
【时刻关爱】内部健身房、配备更衣室淋浴间、畅玩娃娃机、各类体育活动。"
2024-09-14 15:30:46,python爬虫开发工程师,丰翼教育,北京,"董事长寄语：
成功的起点源于一次正确的选择，生命之所以精彩是因为选择了高峰并为之攀登。
攀登不背负太多的功利，我们的心情才会坦然。不管攀登得多么艰难，我们都能够扶携周围的伙伴，才能够获得别人的敬意。
若想要脚步轻盈，重要的是要有一种信念，一种誓死不归的执着，我们渴望高峰，渴望在高高的山巅振臂欢呼，这样我们蹒跚的旅途便会如群星般灿烂。
在我的概念里，一个伟大的企业，他必须是可以影响一个时代，改变一代人的企业！他必须有自己的社会责任，要时刻想着，能为社会、为民族，甚至为这个世界做些什么，他的领导者，必须从生意人的圈中跳脱出来，成为一个能够真正掌控，引领一整个行业的企业家。
集团简介：丰翼集团创始于2009年，注册资金5000万元，为河北省企业服务领域领军企业。2018年，丰翼集团以“打造一站式建筑服务平台，让丰翼的服务布局全世界每一个角落”为愿景，在国内率先构建起一站式建筑服务平台。
集团目前主营业务为两大液态体系：建筑资质、建筑人才。成为一家集资质代办、建筑人才猎头等业务整合为一体的综合性服务平台。
通过线上订单咨询、线下一对一保姆托管式相结合的服务模式，向中小企业提供专业的代办服务，独创透明化可实时查询进度系统，让客户更加便捷随时查看项目进度。集团斥巨资研发防错组卷系统，让服务变得更加专业与安全。全集团专业的服务团队以多对一的服务理念，坚持一个团队服务一个客户的理念，以平等严谨的服务态度，为追求丰翼品质而不断奋斗着。
企业文化：
“企业拥有了文化，就如同人有了思想，前进的脚步才能勇往直前”。丰翼集团的企业文化就印证了这个说法。
愿景：打造一站式建筑服务平台，让丰翼的服务布局全世界每一个角落
宗旨：一切以客户需求为向导，一切以企业满意为目标
使命：让梦想插上翅膀
核心文化：让正能量感染身边的每一个人
企业精神：开拓进取、诚信经营、积极创新、不骄不躁
核心价值观：
平台：互相成就
对外：包容开放
对内：敢于承担、脚踏实地、锲而不舍
服务原则：以客户口碑为考核线，视客户服务质量为生命线
用人原则：为想干事的人提供一个平台；为能干事的人提供一个机会，为干成事的人提供一个地位
制度原则：敬畏心、零容忍
做事原则：有目标、沉住气、踏实干
企业服务：集团目前主营业务为两大运营体系：建筑资质、建筑人才、成为一家集资质代办、建筑人才猎头等业务整合为一体的综合性服务平台。"
2024-09-14 15:31:06,爬虫工程师（抖音、小红书、淘宝）,,杭州,
2024-09-14 15:31:07,Python爬虫工程师,筑龙股份,杭州,"杭州筑龙信息技术股份有限公司（简称：筑龙股份，股票代码：871974），创建于2008年，于2017年正式挂牌新三板。筑龙股份秉承坦诚、空杯、活力、互信的文化理念，以提升建筑行业信息化水平为己任，努力成为建筑行业内最具影响力的国家高新技术上市公司。筑龙股份主要从事垂直于建筑行业的专业化互联网信息服务，为客户提供建筑行业招投标信息查询、行业资讯、大数据研究等在内的全方位、专业化的信息服务。旗下核心产品有建筑网、建设通、众和软件、建设通学社、盯工程。
筑龙股份在产品研发、人才培养方面形成独特优势，建立了完善的自主研发和技术管理体系，公司主要产品均具有自主知识产权，多项核心技术达到国家领先水平。公司先后获得众多荣誉及产权专利，先后获得中国电子商务建筑行业龙头企业奖；中国电子商务诚信企业奖；杭州电子商务优秀企业；杭州市高新区瞪羚企业等。目前，公司的销售与服务网络覆盖全国32个省市地区，服务企业用户达到30万余家，个人用户300余万。
目前公司处于高速发展阶段，欢迎志同道合者加入我们。"
2024-09-14 15:31:07,Python 爬虫工程师,唯智互动,天津,"唯智传媒公司成立于2013年，
总部坐落于上海。发展至今已在上海、江苏、北京、广州、深圳、圣保罗、香港拥有多个分公司，团队拥有超过100人。
WISE是国内外领先的专业线上大型内容营销机构， 融合互联网如微信、微博抖音、、快手、小红书、B站、百家号、今日头条、大鱼号、TikTok、Google、Facebook、Youtube、Twitter、Instagram等多方网络平台，以各类图文资讯、音视频流媒体组成多媒体矩阵。
多年深度扎根在游戏与品牌领域，与各媒体平台KOL有着深度合作、拥有众多优质KOC资源。具备丰富的内容营销经验，整合各项资源为客户定制个性化作者管理、内容营销营销方案。了解游戏市场与玩家习惯，具备丰富的互联网营销经验，个性化定制专项运营方案进行资源整合，其中涵盖产品类型包括、卡牌、FPS、模拟经营、SLG等几乎全品类游戏产品。"
2024-09-14 15:31:08,爬虫工程师,玩固传媒,杭州,"杭州玩固文化传媒有限公司成立于2017年11月17号，是一家<品质控>的娱乐服务公司，主要从事文体娱乐，艺人营销，mcn对接合作、微博代运营等业务。
我司与众多知名艺人有过深度合作，多次合作网络红人。现公司员工以95后为主，轻松的办公环境，期待各位小哥哥、小姐姐的加入~"
2024-09-14 15:31:08,爬虫实习生,深圳博览,常德,"深圳市博览天下票务服务有限公司是一家专注于为政企客户提供商旅出行服务的差旅管理公司。公司拥有专业化的服务团队百余人，人均从事差旅行业经马6年以上，并建立有全天候的客户服务中心。
公司业务逐盖了国内国际机票〔含公务员机票〕，境内外酒店、火车高铁票预订、 会务会展 商旅签证等一站式服务及其他自定义出行服务，让您的差旅出行更方便、 高效、 省时、更省心。"
2024-09-14 15:31:09,中级python开发工程师,广州御田,广州,"广州御田制药公司隶属于广州极乐鸟生物有限公司，是一家专注于研、产、销、品牌运营、物流、售后服务、技术创新于一体的具欧盟认证及拥有药监局核发的具专业医疗器械资质的规模化、集团化、专业化的电子商务公司。
公司具有产品企划、研发生产、品牌塑造、批发零售、渠道搭建、仓储售后全流程一体化能力，坐落于广州海珠区ING文化谷园区内。
在花都及番禺自有仓库约2万平方米，单发单量可达15000单。
旗下自有品牌有：御田医生、DR.ROTUS等品牌，致力于医疗器械的细分领域；
现公司主要的渠道基于互联网各大电商平台有：天猫、京东、唯品会、抖音、快手、拼多多等
传统电商平台有：云集、好东西、贝店等
社交电商平台有：有赞、小红书等且在绝大多数平台同类卖家中属于TOP卖家

公司秉承着以现代汉方中医理念致力成为国际知名医疗护理品牌的使命，树立年轻、开放、分享、创新、奋进的价值观，为亿万用户提供家用修复与护理，通过人体健康改善，打造新时代的健康生活。

公司鼓励内部创业，现已孵化内部创业项目，我们关注人才的培养，更愿意及时分享员工成长价值。公司致力于建立共创、共建、共享、共赢的企业文化。
公司飞速发展期及红利期，我们虚位以待，未来可期！

关于我们：
1.让每一位员工享受工作的乐趣是我们的愿望，让每一位员工在工作中不断提升是我们的骄傲
2.我们崇尚创新和效率，却也推崇在轻松的工作氛围中发挥自己的创意，营造出家的温馨感与归属感
3.我们的同事都是伙伴，我们没有森严的等级，却有规范的培训资源与进修机会

福利待遇：
1.我司为你提供舒适开放的办公环境、轻松和谐的工作氛围、幽默亲和的团队伙伴
2.提供有竞争力的薪酬待遇，每年可享有不定期调薪
3.五险一金：公司为正式员工购买养老、医疗、失业、工伤、生育保险、重大医疗补助和住房公积金
4.全勤奖：当月全勤即可享有100元全勤奖励
5.晋升机制：清晰的晋升通道，中高层人才内部提拔，给您广阔的个人发展空间，凭能力可快速晋升
6. 可享受各种带薪假期：除了享受国家法定假期、婚假、丧假、女员工产假及男员工陪产假等有薪假期外，满一年服务期可享有5天带薪年假，及每月1天带薪病假
7.下午茶福利：每周有各种甜点、水果、饮品等供应
8.定期举办部门活动、生日派对、节日福利、年度旅游、聚餐等精彩活动
9.公司给予员工生活关怀，提供各类图书，给爱学习的你充足的精神食粮；另设有茶水间，免费提供咖啡和茶，提供微波炉及冰箱

公司地址：广东省广州市海珠区265号ING文化谷1号楼111"
2024-09-14 15:31:09,Python,杭州后起智能科技,杭州,"后起智能是一家从事人工智能创新应用的软件公司，致力于将先进的人工智能技术与行业应用相结合，提供更加安全、便捷的智能服务。以“机器视觉来理解人类世界，用AI解放人类束缚”为使命。

公司专注于算法的积累，追求极致的产品体验，发展可持续的人工智能。算法技术围绕以“人”为核心的AI感知和解析，基于对视频流中人的检测、识别、结构化、行为识别等进行分析，实现对视频内容的可检索能力，并对图像视频的AI智能语义分析，赋能行业，进行应用创新。

后起智能总部位于杭州，目前公司核心员工来自腾讯、阿里等就职经历的程序员和产品经理，以及经验丰富的算法工程师。公司正处于初创期，大家秉承一种理念，致力于将先进的技术应用到行业场景中。我们正在寻找更多有志于跟公司一起成长的人才，一起探索AI技术的落地场景，实现产品和商业的价值。

我们始终怀抱这样的一个信念：木秀于林而不畏风，堆出于岸而不惧水。在这个创新技术前赴后继的时代，吾辈岂是蓬篙人。

卿风流逸望，快来一起加入，成就后起之秀。"
2024-09-14 15:31:10,python爬虫,泰铭恒创,武汉,铭恒创，全称“武汉泰铭恒创信息技术股份有限公司”，是一家以产品设计、软硬件服务和系统集成为核心业务的高科技企业。专注于智慧社区、智慧安保、物联网、ERP、短信平台产品方案等方面的设计、研发及实施。公司拥有一批精通管理和技术，在相关领域有多年经验的专家和技术人员，在产品实施方面具有丰富的经验及众多的成功案例。我们秉持以技术和行动改变生活的理念，以诚信和专业实现双赢。
2024-09-14 15:31:10,python爬虫工程师（单双休8k-13k）,学海居,郑州,"公司业务：
Awehome成立于2016年，是一家中澳合资的控股集团公司，在郑州（总部）、苏州、上海、澳大利亚设立有公司，创始人为海归博士，团队规模120人+，以95后，00后为主！

郑州办公地址：
金水区花园路农业路兰德中心2104

发展情况：
Awehome集好家为用户提供海外学生公寓预订、品牌公寓预订等服务。房源遍布英国、澳大利亚、新加坡、韩国、加拿大、美国、日本等热门留学国家。

公司致力于打造专业化、全球化、智能化的海外留学生及华人长租预定平台，研发的产品涵盖PC端网站、小程序、APP。真正从房东和租客双端来提升用户体验，让租房像国内一样简单。

福利待遇：
五险/完善培训体系/晋升渠道通畅/高收入/下午茶"
2024-09-14 15:31:11,python爬虫工程师,山东蓝天云,烟台,是集软件研发、网络运营和技术服务于一体的国家高新技术企业。公司以大数据、云计算、区块链和人工智能技术为依托，致力于全媒体广告监测平台、公益广告监测平台、公平竞争审查平台、网络商品交易监测平台和智慧市场监管平台的研发、搭建和运营维护，为市场监管部门提供数据采集、监测、审核和分析服务。是原国家工商行政管理总局授权试点的首家户外广告第三方监测机构，是山东省户外广告监测平台的专业服务商。
2024-09-14 15:31:11,高级python爬虫工程师,恩迈浦,郑州,"河南恩迈浦信息技术有限公司是一家专门从事网络软件开发，信息安全服务，系统运营维护及信息技术咨询服务为一体的高新技术企业

团队成员皆是国内十年以上资深信息安全从业人员，在新的信息安全形势下专业从事网络信息安全技术的自主创新型企业，致力于打击网络犯罪领域的安全技术研究与产品研发及区块链安全领域

目前已在网络攻防、漏洞分析、产品研发等研究领域具备卓越的技术实力和丰富的实战经验
为国家及各省市执法机关提供高效专业的反网络犯罪情报分析服务和解决方案

提供网络安全咨询+产品+运营+服务全方位解决方案，具备快速应急响应、安全运营、渗透测试、移动APP测试、代码审计、风险评估、等保测评、国家重大活动网络安全保障等服务能力。"
2024-09-14 15:31:12,python,峰旭科技,潍坊,"公司成立于2012年4月，自公司成立以来一直致力于IT信息智能化行业产品
一经录用培训上岗，公司的管理也非常舒心，不仅仅是一份工作，也是一份事业，非常期待您的到来"
2024-09-14 15:31:12,爬虫工程师（python方向）,头文科技,广州,"头文科技是一家以技术驱动，整合大数据提供内容传播和营销服务的平台。公司自主研发了“头文指数”、“写作助手”等产品，辅助自媒体人提升内容创作和分发效率，让人人都能够创作出“10万+”爆款文；并通过自主搭建的头文工业化内容生产和分发体系，帮助企业与自媒体作者精准对接。目前，头文科技已签约10万+内容创业者，覆盖微博、微信、今日头条、抖音、快手、小红书等多个平台，为他们带去持续稳定的可观收入。
公司自主研发的一站式内容营销平台，通过业内领先的内容分析技术和数据处理能力，从品牌体检、内容战略实施到实时数据监控等多个环节，为互联网、手机、游戏、医药、母婴行业等近百个知名品牌提供数据化决策支持和品牌营销服务，实现精准传播。

我们推崇并切实构建公平正义、利益共享、开放成长、协作互助的团队关系。在公司快速发展的当下，我们期待你的加入，成为一个优秀的内容从业者，相信内容的力量，乐于为客户创造价值，做一个脚踏实地的理想主义者。
欢迎你加入我们的事业，成为我们的工作伙伴！

公司网站： http://www.topwin.tech/"
2024-09-14 15:31:14,python工程师,戎行集团,天津,戎行是一家专注于生成式人工智能的技术型企业。公司基于多源异构数据融合语义分析技术，依托自身数据支持和处理能力，不断优化模型开发及训练方式，打造了具有自主知识产权的行业认知与智能决策平台-深海AI，提供面向政务、媒宣、安全、金融、医疗、教育等领域的智能化产品和AI+行业解决方案。公司获批设立博士后工作站，在北京、天津、成都等地设立研发中心，并与多所高校联合，共建人工智能实验室及人才培养基地。
2024-09-14 15:31:14,python爬虫工程师,嘉盼文化,郑州,"公司创立于2014年，是一家以电商平台运营、内容运营、用户运营、项目孵化全赋能的互联网企业。公司发展至今，涉及天猫、京东、拼多多、抖音、快手、B站、小红书、知乎等国内外主流电商平台。旗下拥有多个自主品牌，sku达500+，产品主要涉及美妆、个护、食品、服装等类目。
公司始终秉承让消费者体验好的产品和服务的宗旨，本分做人、本分经营。在郑州建有4000平办公基地，在深圳设立产品研发中心，目前员工300+，公司致力于为用户提供更加专业、优质、值得信赖的产品与服务。"
2024-09-14 15:31:15,爬虫开发实习生,百度,上海,"“百度”二字，来自于八百年前南宋词人辛弃疾的一句词：众里寻他千百度。这句话描述了词人对理想的执着追求。
百度拥有数万名研发工程师，这是中国乃至全球最为优秀的技术团队。这支队伍掌握着世界上最为先进的搜索引擎技术，使百度成为中国掌握世界尖端科学核心技术的中国高科技企业，也使中国成为美国、俄罗斯、和韩国之外，全球仅有的4个拥有搜索引擎核心技术的国家之一。"
2024-09-14 15:31:16,python爬虫,豫程航空,北京,"公司名称河南豫程航空票务服务有限公司
法定代表人侯景路
成立日期2014-03-02
企业类型有限责任公司（自然人投资或控股）
经营状态存续
注册资金150万人民币
查看全部"
2024-09-14 15:31:17,python爬虫工程师,兴先道,天津,"天津市兴先道科技有限公司（简称：兴先道）成立于2014年，注册资金2000万，现有员工400多人。基于多年的安全攻防技术研究，为政府、医疗卫生、金融保险、能源电力、教育、公检司法等行业客户，提供具有核心竞争力的安全服务及解决方案，帮助客户实现业务的安全顺畅运行。
兴先道的核心安全技术团队，大多拥有国内知名一线安全厂商的工作经验，可以为客户提供攻防实验、等级保护咨询与测评、系统安全检测与评估、应用软件安全评测、安全服务与运维、安全教育与培训、攻防演练、安全设计与加固等系列信息安全服务。
作为天津市网络安全服务的领先企业，兴先道通过了国家级高新技术企业认证、CNAS检验机构认可；ISO质量管理体系；等级保护测评资质。在风险评估、安全运维、应急处理、安全开发等领域先后取得中国信息安全认证中心（ISCCC）认证。
在服务于社会公共网络安全领域，兴先道的安全应急处理与技术服务能力得到广泛认可，先后成为中共天津市委网络安全和信息化领导小组办公室技术支撑单位、天津市网络与信息安全信息通报机制技术支持单位、国家计算机网络应急技术协调处理中心（CNCERT/CC）网络安全应急服务支撑单位，在重大活动网络安全保障工作中屡担重任。
兴先道通过深入耕耘网络安全监管领域，结合丰富的安全支撑服务经验与技术积累，为网络安全监管领域提供一系列完整的解决方案，提升监管机关在重要系统备案管理、事件处置、通知通报、安全生态管理、安保指挥、威胁感知、监督检查等系列监管活动中的备、管、查、处能力。"
2024-09-14 15:31:18,python数据爬虫工程师,泽森智联,惠州,"惠州
搜索"
2024-09-14 15:31:18,Python爬虫工程师,广东椰泰生物有限公司,广州,"广东椰泰饮料集团有限公司
始创于2000年，是一家集研发、生产、销售、服务于一体的多领域发展的综合性大型企业。集团发展二十余年，现今旗下拥有四家子公司：广东罗巴克实业有限公司、广东椰泰生物科技有限公司、广州椰泰生物科技有限公司和广东轻上生物科技有限公司。
集团生产基地座落在粤港澳大湾区享有“岭南第一山”之称的罗浮山及东江边上的博罗县园洲新世纪工业园，拥有依山傍水的天然优美环境，占地面积110亩；配备德国全自动化生产线，采用无菌生榨冷灌装工艺，通过HACCP体系认证和食品安全管理体系认证，配置中央管理操控系统，确保每一瓶饮料的健康、美味。生产基地年产量超过30万吨，拥有现代化研究中心，其中研发工程师、检验专职技术人员100多人，生产队伍、物流团队近600人，全国营销人员3000余人。
一直以来，公司坚持大健康的科研宗旨，具备各种饮料品类生产能力。主力品牌“椰泰生榨椰汁”在多年的深耕与发展后，凭借持久稳定的质量保证，深受广大消费者青睐。目前，公司在全国各地开设事业部、营业所，产品已覆盖20多个省市，拥有4000多家县级经销商，超过100万个终端网点。
【椰泰饮料集团】旗下拥有多个品类的产品，分别为植物蛋白系列、果汁系列、发酵果汁系列、咖啡系列、植物饮料系列、果茶系列、酸奶系列和果蔬汁系列等九大大健康饮品系列。其中，【椰泰】以生榨椰汁为主打产品，涵盖了【罗伯克】咖啡、小轻甘凉茶、【捷虎能量】功能饮料、【口口淳】酸奶、【艾尔牧】果汁、【果以鲜】果汁茶等品牌产品。
公司通过市场布局策略，在餐饮、宴席、送礼等消费场景中树立起【椰泰】的品牌影响力，“欢庆时刻喝椰泰椰汁”的场景属性更是牢牢锁定消费者。
我们将一如既往坚持广东椰泰的企业文化，以品质为生命，以市场为导向，不断追求，不断创新，策马扬鞭，续写新篇。"
2024-09-14 15:31:18,python爬虫开发工程师,圆梦航服,新乡,公司主营：飞机票预订、高铁票预订、酒店预订、用车预订、会议预订、用餐预订等商旅出行配套一站式服务。公司现为携程网、去哪儿网、飞猪网、同程网等多家国内主流OTA在线销售平台的核心供应商。
2024-09-14 15:31:19,亚马逊爬虫工程师,叁天实业,深圳,"深圳市叁天实业有限公司，跨境电商新秀，专注于亚马逊跨境电商平台。
公司独创自主品牌，集产品研发/设计/生产/销售于一体，精于调研，专注于研发用户喜爱的产品。
短短几年时间，叁天的产品年销售额超2亿，已经传递到全球超过2000万消费者的手上。
旗下拥有手机、相机摄影、直播周边产品、3C类产品，一直蝉联亚马逊热销榜首。

我们有着年轻富有激情的团队，快乐舒适的办公环境，紧跟市场的敏锐嗅觉和富有竞争力的晋升与高薪酬体系。2023年，将是我们不平凡的一年，我们将会稳健经营，努力更上一个新的台阶，渴望着像您一样的黑马和潜力股能与我们携手共进，和我们一起实现心中梦想。

我们的优势：

一、广阔的发展空间，并包含整个外贸产业链的多个部门。

二、激情而卓越的年轻团队，只有想不到，没有做不到，要做就要做到最好！

三、全流程的培训，如果你没有经验，不用担心，我们已为你准备了专业的培训，出色的导师带领。

四、具竞争力的薪酬与福利；

1、每年有多次调薪及晋升机会，具有市场竞争力的薪酬待遇。我们宁愿花高工资请1个高效的人，也不愿意花低工资请1个懒人；

2、双休，每周提供下午茶；

3、购买社保公积金（养老保险、医疗保险、生育保险、工伤保险、失业保险）；

4、按国家法定节假日放假，传统节日员工会有意外惊喜！

5、每年公司组织员工国外或国内旅游，平时组织打羽毛球、篮球、聚餐等团建活动；

6、公司人性化的管理，舒适、宽松的办公室环境，年轻富有激情合作伙伴，氛围活跃，沟通无阻！这是个温馨的团队，这里欢迎你的加入！"
2024-09-14 15:31:20,兼职数据采集（兼职爬虫）,杭州天音计算机,杭州,"公司25年来专注做教育信息化；主要产品有：教育大数据基座，学生综合评价，学生成长档案，学生画像，AI学生心理预警校园管理、AI数字校园建设等；负责承建浙江省教育厅的小学生综合评价平台（全省所有的教育局，学校，学生都要使用），并与浙江师范大学心理学院联合研发ai在学生心理预警领域的应用。

————————————————————————————————————
我们的福利：

1 倡导轻松愉悦/互助分享的工作氛围
2 五险一金、双休、法定假日、假日礼物、带薪年假
3 年终奖、事业部奖金、餐费补贴
4 每天下午暖心下午茶，茶点，咖啡，奶茶-------
5 公司团建，部门团建，漂流，CS活动，旅游等等项目
6 用心准备的节假日礼物，生日惊喜
7 免费提供外部学习机会
8 喜事慰问金
9 对各个岗位突出贡献的特别奖金



公司地址：杭州市西湖区华星路99号创业大厦A201



 "
2024-09-14 15:31:20,高级爬虫工程师,杰驰科技,杭州,公司做电商平台研发，远程面试saas系统系统运营。
2024-09-14 15:31:20,Python爬虫工程师,锐思数据,天津,北京聚源锐思数据科技有限公司（RESSET）是一家专门从事金融数据库和相关投资研究软件研发的“国家级高新技术企业”，由众多国内外金融和数据库领域的资深专家，在多年研发储备和经验积累的基础上 联合成立。公司以数据质量与正确的金融建模计算标准为生命线，为高校、政府及金融机构提供精准的经济、金融数据和完备的增值服务。锐思数据公司的产品质量、 产品使用便捷性和服务专业性均在业界名列 前茅，是中国一流的金融研究数据提供商。
2024-09-14 15:31:21,Python工程师,大悦科技,珠海,"珠海市大悦科技有限公司创始于2015年，是一家专注于移动互联网技术研发的国家级高新技术企业。是珠海市云计算与大数据学会副会长单位，是珠海市首批通过国家知识产权贯标体系认证；珠海市首批获得国家工信部Hadoop、Openstack大数据开发高级认证的公司。是中央政府采购供应商库成员；中国移动DICT合作商。

公司官网：http://www.exultech.cn/"
2024-09-14 15:31:22,2025届-后端开发实习生（Python）,滴普科技,杭州,"北京滴普科技有限公司成立于2018年，定位为数据智能服务商。滴普科技以数据智能技术为基础，以数据的业务价值为核心，为客户提供数据智能基础设施、企业大模型产品，以及数据智能创新服务。

基于Data Fabric架构，滴普科技打造了实时智能湖仓平台FastData，帮助企业建立统一治理、流批一体、湖仓一体的云原生数据智能平台，实现海量数据实时分析，成为支撑企业数字化转型的核心数据基础设施。FastData Cloud云服务产品已与主流云厂商达成合作，以云原生部署、弹性计费的商业模式，帮助客户实现按需组合式的数据工具搭建。

基于已深度服务的头部客户深厚的数据能力，滴普科技已搭建基础算力平台，打造了Deepexi企业大模型，并运用模型工具链为企业建立自有大模型提供完整的训练、调优、部署和推理加速能力，使企业应用推理端吞吐性能提升10倍以上，大幅降低了企业应用大模型的成本，帮助企业实现从数据驱动到数据智能驱动的升级。

基于对行业的深刻洞察与丰富的数字化转型经验，滴普科技打造了以数据智能为核心的业务价值创新服务DIC，帮助企业完善数据基础设施建设，同时赋能企业在制造、供应链、零售、财经和双碳领域的数字化升级。目前，已成功服务200余家知名大中型企业，包括中国石油、兴业证券、百丽时尚、航天烽火、重庆机电、陕药集团、长安新能源、纳爱斯集团、广州城投、九洲电器等。"
2024-09-14 15:31:22,数据爬虫（逆向工程师）,主理网络,杭州,"公司名称杭州主理网络科技有限公司
法定代表人朱陈芳
成立日期2018-12-06
企业类型有限责任公司（港澳台投资、非独资）
经营状态存续
注册资金140.8392万人民币
查看全部"
2024-09-14 15:31:23,python爬虫,潍坊纳维,济南,"潍坊纳维是济南纳维信息公司在潍坊成立的分公司，同时，公司在北京中关村也设有研发中心。公司取得国家认证的双软企业认证，主要从事高技术含量的移动互联网及物联网相关的软件研发及技术服务，特别是传统应用系统向移动互联网应用转移的应用实现与深度融合，提供基于移动互联网下的各类应用系统的咨询、设计、研发、实施等技术支持。
公司主营业务：人工智能+大数据技术在医疗、金融及能源领域方面的系统产品级应用，包括软件产品及SAAS服务。
     在医疗领域，主要基于BigData+AI 开发的全科私人医生助理—西格玛医生（医疗APP），旨在让每个人都有自己的私人好医生，为患者提供完整、精准、易懂的人性化导诊体验。使用户可以快速通过症状，精准判断疾病类型，基于大数据智能推送匹配好的相应就医建议、护理方案，就诊医院、挂号科室、检验检查项目、常用药物等增强型信息。针对医生群体研发的西格玛医生版正在初步规划当中，旨在为医生提供便捷、全面、精准地查询病史、病历、医药知识点等服务。
     金融领域的代表产品—i搜金，主要基于大数据全方位监控企业的运营、经营、法律、信贷等多维度动态风险，及时披露企业相关信息，为用户降低投资风险，在风险可控的情况下发现高回报投资项目（信托、资管、P2P等）。i搜金曾多次成功预测了包括汉能、恒大、e租宝、MMM、泛亚等多家机构的投资风险。
     能源领域的应用主要包含石油勘探行业的检索系统及知识发现系统，其亮点包括基于知识图谱搜索及关联发现、图文混合检索、中英文跨语言检索等，还包含利用物联网手段监测矿井下的施工进度及施工安全状况等。公司基于人工智能+大数据研发的软件产品均处于国内领先地位，其中，西格码医生、i搜金、及石油勘探行业的检索系统及知识发现系统，在技术指标居于国内领先的位置。"
2024-09-14 15:31:23,初级 python 爬虫工程师,北京一路无忧科技,北京,"北京一路无忧科技有限公司（Beijing TripView Technology Co., Ltd. ），简称“一路无忧”、“TripView”，于2010年在北京注册成立。

一路无忧专注于全球低成本航空（LCC）机票大数据整合、分析，运营、服务，是国内首家在线运营低成本航空机票的国家高新技术企业。

疫情之前，一路无忧年度交易额过30亿元。目前是全球TOP低成本航空公司的核心代理商之一，是国内外TOP在线旅游平台、B2B平台、国内主流TMC公司的核心供应商之一。

主营业务范围：
全球低成本航空（LCC）业务运营、全球全服务航空（GDS）产品分销、企业差旅及政采（TMC）业务。

产品、分子公司及运营品牌：
一路无忧产品和业务覆盖东南亚、日韩、北美、欧洲、南非等区域；在香港（金融职能）、南非（资源职能）、西安（技术职能）、保定（呼叫中心）设有分子公司。旗下同时运营的品牌有“爱鸽国际旅行社”、“嘉盛达国际航服”。

管理团队：
核心管理团队和核心技术团队，均毕业于国内“211工程”及“985平台”高校，具有硕士研究生或MBA学历，有国企、外企及互联网大厂的工作背景。

企业文化：
使命：让出行更美好
愿景：自成一格，做行业的深耕者和引领者
价值观：
做人——诚信正直，勤奋坚韧，积极向上，务实用心；
做事——职业、敬业、专业
集体奋斗，共同富裕。

一路无忧坚持“让出行更美好”的使命，以客户为中心，全力创造价值，立志做行业的深耕者和引领者。"
2024-09-14 15:31:24,高级python爬虫工程师、后端、前端,帅丽物业,深圳,"公司名称深圳市帅丽物业服务有限公司
法定代表人万晓荣
成立日期2008-07-29
企业类型有限责任公司
经营状态存续
注册资金100万
查看全部"
2024-09-14 15:31:24,python数据开发/爬虫工程师,越勇建筑,东莞,公司专注于企业服务领域的咨询，福利丰厚，晋升空间大。
2024-09-14 15:31:25,爬虫工程师_Python,悬镜,成都,"悬镜安全，DevSecOps敏捷安全领导者。起源于北京大学网络安全技术研究团队“XMIRROR”，创始人子芽。悬镜专注于以代码疫苗技术为内核，通过原创专利级""全流程软件供应链安全赋能平台+敏捷安全工具链”的第三代DevSecOps智适应威胁管理体系，持续帮助金融、车联网、泛互联网、能源等行业用户构筑起适应自身业务弹性发展、面向敏捷业务交付并引领未来架构演进的内生积极防御体系。更多信息请访问悬镜安全官网：www.xmirror.cn"
2024-09-14 15:31:25,python开发实习生,有数,杭州,有数科技创立于2015年，是专业的产融数智化服务商，官方备案的企业征信机构。基于数据、模型和技术能力，为金融、产业、政府场景提供特色的数智产品和解决方案服务。公司总部位于浙江杭州，在广州、武汉等设有分支机构及办事处，主要投资人股东有清华长三角研究院、华睿投资、盈动资本，上市公司拓尔思（300229）、每日互动（300766）等。
2024-09-14 15:31:26,python爬虫工程师实习生,燃数科技,北京,"燃数科技，致力于打造新一代智能数据分析平台，为客户提供在线协作的可视化商业决策工具。
通过机器学习算法构建行业知识图谱和商业预测模型，主要产品为基于大数据和人工智能的数字化投研SaaS产品及商业智能分析解决方案，从而成为新经济时代企业数字化运营的基础设施之一。"
2024-09-14 15:31:26,python爬虫工程师,仕聚网络,上海,中国头部产业链数字化平台开发商和运营商，通过科技独角兽百人团的创新研选+创新投资，旨在挖掘、培育、赋能创新科技企业。目前平台集聚300+世界/中国500强及产业龙头企业，4000+投资机构，覆盖100万创新项目。
2024-09-14 15:31:27,高级python爬虫工程师,众聚数据,北京,"公司由律师行业大咖共同出资成立，公司主要基于大数据技术聚合律师、律所、案例、法条数据，为推动法治社会提供“便民、利民、惠民”法律服务平台，让民众的法律问题能够快速得到响应和解决！

基础信息"
2024-09-14 15:31:27,python开发实习生,虹软科技,杭州,"虹软科技股份有限公司是计算机视觉行业领先的算法服务提供商及解决方案供应商，服务于世界各地的客户，将领先的计算机视觉技术与人工智能技术商业化应用在智能手机、智能汽车、智能家居、智能零售、互联网视频等领域，并且仍在不断探索新的领域与方向。公司在杭州、上海、南京、深圳、台北、硅谷、东京、都柏林等地设有商业与研发基地。

基于拥有自主知识产权的世界先进计算机视觉技术与人工智能技术，虹软为各领域提供一站式视觉解决方案，为全球各类知名的设备制造商提供个性化具有市场竞争力优势的行业解决方案与产品。在保持技术领先的同时，虹软率先发布了提供支持离线式图像技术的虹软视觉开放平台，与广大合作伙伴携手推动各类视觉技术应用深入到旅游、教育、政务、出行、社区楼宇、互联网应用等各个领域，引领和推动着视觉技术赋能和落地。

在超过 20 年的发展过程中，虹软成功聚集了众多的视觉领域专家，并吸纳和培养了来自国内外一流高校的优秀人才作为生力军。虹软将坚持聚焦在技术，注重技术与行业结合的应用经验，融合先进的学术科研力量，为全球的客户和消费者带来真正价值的视觉享受与体验。"
2024-09-14 15:31:28,爬虫工程师助理,北京易阳天下文化传媒,北京,"公司简介：
北京易阳天下文化传媒有限公司是一家专注于大数据与人工智能研发和运营为一体化的大数据解决方案的领先企业。我们致力于将人工智能、自然语言处理和虚拟数字人技术融合，为用户提供极具交互性和智能化的体验。我们的核心业务包括运营 ChatGPT 平台和开发虚拟数字人技术，旨在为用户提供无与伦比的智能对话和个性化服务。
加入我们的理由：
蓬勃发展的行业：智能交互是未来科技发展的重要方向，加入我们将有机会参与这一领域的前沿创新和发展。
创新和影响力：我们的产品和解决方案正在改变人们与技术的互动方式，您将成为这一变革的推动者。
发展机会：我们重视员工的成长和发展，提供良好的培训和晋升机会，让您不断提升技能和职业水平。
科技氛围：我们鼓励员工创新和尝试新思路，提供灵活的工作环境和创新的工具。
加入我们，与优秀的团队一起，共同开创智能交互的未来！请将您的简历和求职信发送至 [公司邮箱地址]，并注明申请职位。我们期待您的加入！
招聘流程：
(1) 递交简历，1~3天内进行回复
(2) 初步沟通 & 部门沟通
(3) 最终面试

注意：请在邮件主题中注明“招聘申请-职位名称”。我们将尽快审核您的申请，并与您取得联系。感谢您对我们公司的关注和支持！"
2024-09-14 15:31:28,Python爬虫工程师,世纪赛孚,济南,"山东世纪赛孚信息科技有限公司是一家致力于网络与信息安全领域技术研究、产品研发和技术服务的高新技术企业，为政法部门提供信息安全、行业大数据应用产品和解决方案的服务商，注册资金1000万元，位于济南市留学生创业园，公司始终坚持“客户需求牵引、技术创新驱动”的思路，坚持""质量、用户至上、以质兴业、以优取胜""的经营宗旨，不断将良好产品贡献社会，与社会各界优势互补、同创辉煌!公司为每个人都提供了一个很好的成长机会，不错的岗位难得的锻炼机遇，付出和收获成正比的工资体系，我们需要是正能量，对客户负责，以客户为中心的态度来加入我们。"
2024-09-14 15:31:29,python爬虫工程师,信必优Symbio,深圳,"信必优于1994年成立，全球3000多人，在北京、深圳、成都、广州、上海、武汉、中国台湾、美国、瑞典、芬兰等地都有分子公司。
29年来，信必优始终坚持以客户为中心，持续创新，为客户提供卓越技术服务，我们的主营业务是IT技术人员外包、智能终端测试、项目外包、RPA服务、ODC搭建等， 除此之外，信必优在人工智能（AI）、物联网（IoT）、数据挖掘、云存储和分布式计算方面也积累了相当的经验，充分利用我们丰富的行业知识和先进的技术能力为客户提供数字化转型服务。信必优通过的业界领先的质量与安全认证包括CMMI-Dev Level 3、ISO27001、ISO20000 、ISO45001、ISO14001和 ISO9001等，现与众多全球财富杂志500强企业和国内外优秀科技公司建立了长期合作关系，是全球客户信赖的IT技术服务合作伙伴。
信必优是一家全球数字服务公司，帮助企业构建创新型软件产品和数字化转型服务，从而连接和吸引他们的客户，并让其感到惊喜。我们的创新和设计思维过程深深扎根于我们的运营 DNA 中，超越了“以问题为中心”的方法，为组织及其客户提供优秀设计和功能。"
2024-09-14 15:31:29,爬虫工程师（杭州）,老猿科技,杭州,"公司致力于电商数据挖掘与分析，给客户提供精确的咨询服务。

在竞争激烈的电商领域，以精细化和数据驱动化提高运营效率和转化率的理念，越发重要。

我们在数据挖掘，数据采集，数据分析领域具备竞争力，给电商客户提供精确的咨询服务"
2024-09-14 15:31:50,资深爬虫专家（北上广深杭珠海 优质业务）,,深圳,
2024-09-14 15:31:51,爬虫数据采集工程师,阿里巴巴集团,杭州,"阿里巴巴集团的使命是让天下没有难做的生意。
我们旨在赋能企业改变营销、销售和经营的方式。我们为商家、品牌及其他企业提供基本的互联网基础设施以及营销平台，让其可借助互联网的力量与用户和客户互动。我们的业务包括核心电商、云计算、数字媒体和娱乐以及创新项目和其他业务。我们并通过子公司菜鸟网络及所投资的关联公司口碑，参与物流和本地服务行业，同时与蚂蚁金融服务集团有战略合作，该金融服务集团主要通过中国领先的第三方网上支付平台支付宝运营。

我们的愿景
我们旨在构建未来的商务生态系统。我们的愿景是让客户相会、工作和生活在阿里巴巴，并持续发展最少102年。"
2024-09-14 15:31:51,爬虫实习生,甲骨易,北京,"甲骨易（北京）语言科技股份有限公司（简称“甲骨易”，股票代码: 870633），前身成立于1996年，是最早被国际认可的成功“走出去”的中国权威语言服务机构之一，是美国翻译协会ATA荣誉会员、中华广播影视交流协会理事、中国翻译协会理事、2021年北京新视听国际交流示范机构，于2022年被七大部委认定为首批全国语言服务出口基地。主营业务为全球视听内容多语言本地化，致力于将全球最优秀内容传播到世界观众面前，也是助力中国文化走出去的先锋单位之一。
20多年来深耕影视传媒、国际工程、电力能源、公证认证、金融法律、图书出版、游戏出海、AI数据等多个业务领域，业务足迹遍及美国、英国、法国、德国、葡萄牙、俄罗斯、加拿大、乌克兰、日本、韩国、斯里兰卡、尼泊尔、缅甸、越南、哈萨克斯坦、印度、泰国、老挝、新西兰以及非洲地区、中东地区和香港特别行政区等30多个国家和地区。
甲骨易一直着力打造全球多语服务以及影视译制和海外推广网络，在海内外拥有庞大的客户群。作为国内主流媒体海外平台战略合作伙伴、海外新视听巨头长期合作伙伴的甲骨易，将中国优秀的视听内容推广到80+多个国家和地区，像《扫黑风暴》、《突围》、《功勋》、《赘婿》、《父母爱情》、《流金岁月》《山河令》、《山海情》等电视剧，以及像院线电影《变形金刚》、《速度与激情》、《比卡丘》、《信条》、《海王》、《绿皮书》、《哥斯拉》、《小偷家族》等译制工作也是甲骨易特色业务之一。通过文化传播中的语言服务，真正践行“我们更懂世界，让世界更懂我们”的企业使命。
甲骨易打造了一支全球译员万人规模的高质量整合型团队，并拥有顶尖语言专家团队和技术团队。在全球拥有一支庞大的译制联盟及海外推广网络，在30多个国家及地区设有分支机构，可提供高品质的英、西、法、俄、阿、泰、印尼、越南等50多个语种译制配音及海外发行推广落地服务。
甲骨易坚持“技术与需求”双驱动，是国家高新和中关村高新企业，拥有几十项技术研发成果，是国内领先的智能语言科技生态系统集成商和综合解决方案服务商。通过科技赋能，解决行业痛点，实现人机共生，建立语言智能新生态。
更多资讯请关注甲骨易官方网站：http://www.besteasy.com/
我们的未来欢迎您的加入！"
2024-09-14 15:32:02,python开发,智捷控股,大连,
2024-09-14 15:32:02,python爬虫开发工程师,意盛,深圳,"深圳市意盛科技有限公司，成立于2009年。意盛科技致力成为中国一流的专业化、个性化的“互联网+政务服务企业，总部位于深圳。公司的核心业务是为客户提供高性价比的技术咨询、技术服务及技术开发的整体服务解决方案。公司通过国家高新技术企业、信息安全服务资质三级认证证书、CS信息系统建设和服务能力等级证书、ISO9001质量管理体系认证，以极具竞争力的IT综合服务及支持能力、客户服务第一的服务理念为客户创造价值。
2017年公司自主研发“内容安全机器人”，对内容生产的各个环节进行检测。内容安全机器人是一款专注于内容导向错误识别筛查的应用工具。它专门为党政企事业单位用户精心设计，其核心词库基于意盛科技多年来累积的专业导向词库，帮助用户在复杂多变的互联网环境下快速发现重要时政提法错误、严重导向错误、领导头衔错误、涉密涉外涉军等各类违规风险，为党政企事业单位用户提供成熟的、一体化服务的内容安全解决方案。"
2024-09-14 15:32:03,爬虫数据工程师,本营科技,北京,"AceCamp由一群来自大型投资银行的证券从业人员及IT资深人士创建，于2020年成立，总部位于香港的亚洲精品研究中心，致力于通过利用我们平台生成的内容，将全球#institutionalinvestors（II）、#highnetworthpersons（HNWI）和#listedcompanies联系起来。我们正在建立一种独特的商业模式，以帮助II和HNWI在投资市场建立联系和互动。

Founded by a group of #equity and #IT veterans from bulge-bracket investment banks in 2020, AceCamp is an Asia-based boutique research hub headquartering in Hong Kong, committed to connecting global #institutionalinvestors (II), #highnetworthindividuals (HNWI), and #listedcompanies by leveraging our platform-generated content. We are building a unique business model to help II and HNWI navigate their ways amid the turbulence of investment markets, and also to aid listed companies in building better connections and interactions with worldwide #investors.

website：www.acecamptech.com"
2024-09-14 15:32:03,资深爬虫工程师,浙江阜博传媒科技,杭州,"阜博集团于2018年1月在香港联交所主板成功上市（股票代码：3738），是世界领先的网络音视频内容保护技术服务商，公司致力于打造影视传媒在线发行产业链的核心业务平台，激发传媒文化产业的无限潜力，主要客户囊括了好莱坞七大电影集团、美国四大电视网、日本多家大型影视内容制作公司，以及全球众多知名视频网站和电视频道。凭借核心的视频识别专利技术在影视内容版权保护领域的成功应用，公司荣获美国电视艺术与科学院颁发的第69届艾美奖 ( Emmy Award）。
里程碑
2022：完成对粒子科技的并购，携手中国文化传媒领域顶级团队，共同打造数字文化新基建，开拓全球大视频产业广袤空间
2020: 获得蚂蚁集团战略投资，并签署多方位业务合作协议
2020: 收购Verance公司水印专利及软件技术
2019: 收购并整合ZEFR公司Rights ID和Channel ID两项业务
2018: 在香港交易所主板上市，并在香港建立新总部
2015: 收购Rentrak公司Pay-per-transaction业务
2007: 获得迪士尼和AT＆T投资
2005: 公司于硅谷成立
获奖成就和荣誉
2017: 荣获 「第69届技术与工程艾美奖」
2010: 荣获 Frost and Sullivan 全球技术领先企业大奖
公司被陆续评定为“国家高新技术企业”“中国自主创新科技企业”“中国中小企业优秀创新成果企业”中国国际服贸会科技创新服务示范案例”“浙江省创新型数字文化企业”“浙江省数字文化示范企业（30强）”“浙江数字贸易创新应用优秀案例”“浙江省大数据产业应用示范企业”“浙江省上云标杆企业”“浙江省高新技术企业研究开发中心”“浙江省成长型文化企业”“「杭州文创青云榜」上榜企业”等。荣获“中国互联网技术创新奖”“中国互联网创新保护奖”“中国国际软件博览会金奖”“中国国际软件博览会创新奖”“浙江省技术发明二等奖”等多项殊荣。"
2024-09-14 15:32:04,爬虫实习生,远光软件,武汉,"远光软件股份有限公司(股票代码：002063)，是国内主流的企业管理和社会服务信息系统供应商，公司控股股东为国家电网全资子公司国网电商公司，国务院国资委是公司实际控制人。
公司专注大型集团企业管理信息化逾30年，主营产品与服务包括集团管理、智慧能源、智能物联、社会互联等。公司扎根能源行业，在能源行业企业管理软件领域长期处于领先地位。
公司总部位于珠海科技创新海岸远光软件园，设有珠海、北京、武汉3大研发中心、1个博士后科研工作站，拥有14家下属公司，以及遍布全国的35个分支机构 。
在互联网+、电力改革、数字中国、国企改革、智慧能源等新时代机遇下，公司深入区块链、人工智能、大数据、边缘计算、物联网等新兴技术，精研软硬一体化整合应用技术，为电力能源、航天航空、高端装备、金融产业、医疗卫生、冶金冶炼等大型集团企业提供全面的行业解决方案和服务。
公司高度重视自主可控，安全可靠，始终坚持自主创新，生产经营的产品拥有自主知识产权。在技术上和市场上，公司还与国内外知名企业、机构、高校建立了密切的战略合作联盟。
未来，公司将秉持“软件推动进步,创新引领未来”的理念，助力中国经济社会安全、可持续发展。"
2024-09-14 15:32:04,python,菲利佩,潍坊,"潍坊菲利佩电子商务有限公司成立于2015年，是山东领先的跨境电商公司，作为跨境行业的领军企业，菲利佩致力于打破国界壁垒，要在全球布局，多平台，多品类，多元化发展，为消费者提供全球范围内的优质产品；作为综合性的服务商，菲利佩肩负着买全球，卖全球的责任与义务，最终实现链接全球，全球联动的新局面。

目前公司业务涵盖电商运营、仓储服务、物流服务等，在杭州、深圳、南宁均设有分公司；2条国际干线物流公司，分别位于广州和南宁；拥有东莞、南宁两个国内集货仓，泰国、新加坡、越南、印尼、马来西亚、菲律宾6个海外仓，总仓储面积超过80000平方。潍坊公司现有员工500余人。自2015年以来，菲利佩公司一直保持了财务指标的稳健增长。

愿景：让国货出海更简单
使命：做中国制造的助推者，做伙伴梦想的实现者。
价值观：全力以赴 保持谦逊 分秒必争 顺势应变 用户至上"
2024-09-14 15:32:05,高级python爬虫工程师,最闻信息科技,上海,"上海最闻信息科技有限公司，是一家充满活力、喜欢创新的互联网信息技术和数据服务公司，这里汇集国际500强企业资深核心团队，公司核心团队在证券数据服务业从业都超过10年。

我们是一支专业的团队。我们的成员拥有多年的信息专业技术背景，公司技术团队能力全面，有金融数据专家、大数据技术专家、资深互联网运营、资深项目开发管理和专业技术专家。

最闻有着对互联网技术的执着和敏锐，有着对创新事物的向往和挑战，有着成熟的大数据解决方案。丰富的项目经验，完善的管理体系。长于策略却从未停止过实践，精于技术却不曾止步于技术。

运用最先进的技术手段让信息变得更加通畅，植根于业务，创新于思维，将三者完美融合于产品。
服务范围涉及信息采集加工、数据分析、数据挖掘、数据产品集成、信息产品开发等。

公司以金融资讯数据为基础，现已逐步扩展到司法、教育、工业以及政府机关体系，2019年9月28日，中国社会科学院工业经济研究所携手上海最闻信息科技有限公司联合成立“工业大数据联合实验室”，实验室座落于天津滨海新区中关村科技园区，已投入运营。联合实验室将积极推进大数据与制造业全面深度融合，打造资源富集、应用繁荣、产业进步、治理有序的工业大数据生态体系。

最闻公司企业愿景：打造中国的大数据技术型公司，为各行各业提供大数据平台，真正为行业提高工作效率，发挥大数据应用价值。"
2024-09-14 15:32:05,Python开发实习生（长期可转正；短期勿扰）,当思,杭州,"公司名称当思互联科技（杭州）有限公司
法定代表人方卫
成立日期2021-09-26
企业类型有限责任公司（自然人投资或控股）
经营状态存续
注册资金500万人民币
查看全部"
2024-09-14 15:32:06,后端python工程师,安托托科技,天津,"公司位于美国东部新泽西核心区域，SAV拥有多个操作仓库及自主车队，提供全面的全球电子商务和跨境运输解决方案，帮助北美和中国的零售商和在线市场接触到世界各地的消费者。公司是一家注重机会均等的雇主，重视工作场所的多样性和包容性。我们期待中国团队在未来全球供应链转变出现的挑战与机遇发挥主导作用，也期待有你的参与。
发展前景:
目前公司凭借准确的市场定位、专业的团队和丰富的行业资源，发展前景十分广阔。在未来，公司将继续秉承“客户至上、诚信为本”的经营理念，不断提升服务质量，拓展业务领域，努力打造成为国内外知名的货运代理企业。"
2024-09-14 15:32:06,python爬虫工程师,仟传,南昌,"我们是一家专注于移动互联网数据监测及效果提升的综合型互联网创新科技公司。旨在移动大数据时代的驱动下，为企业级客户提供行业洞察、数字监控、SCRM管理、数据应用等一系列数据营销及管理服务。

公司目前拥有移动互联网广告监测平台、社交媒体数据分析平台、互联网意见领袖综合管理及推广平台等一系列自主研发的互联网产品，涵盖移动互联网广告投放、传播、监测、评估、推广等全方位生态领域。

仟传网络目前拥有国内最先进的移动互联网监测平台H5MO，领先的SCRM解决方案TARS，专业的新媒体投放监测平台AdTarget，权威的精准个人效果投放平台WePlay。旨在成为新媒体领域的效果营销专家。

公司成立于2011年，总部位于上海市徐汇区，目前在北京、广州、长沙设有分公司办事处。仟传网络拥有一支训练有素的专业化管理和业务团队，由来自IT、CRM、Digital等领域的资深人士，以及PR、Media、Social等行业的专家精英组成，

核心管理团队更是横跨4A广告、SAP、互联网媒体等多个专业领域。我们能够为企业提供：品牌社交营销运营服务，营销软件技术与服务，主要聚焦在快消、消费电子、金融服务等领域，

现已为6大行业的客户提供营销服务，其中包含：万达、VIVO、阿里、欧莱雅、香奈儿、雅诗兰黛、华为等全球Top100企业。"
2024-09-14 15:32:07,高级爬虫工程师,灵境万维AI,杭州,"一、公司介绍
我们是一家杭州AI领域的创业公司，于2023年9月初开始正式创业，迄今已有业务线实现收支平衡，创始团队主要来自BAT，如果你想拥抱AI浪潮，欢迎加入我们一起共创事业。

内容平台的发展趋势经历了PGC > UGC > AI 辅助生成 > AIGC的时代，而我们目前则处于 AI 辅助生成赛道的快速成长期和 AIGC 赛道的初期。

生成式AI（俗称AIGC）与内容文创行业的场景应用非常广泛，包括小说内容创作、漫画内容生成、影视剧本生成，以及围绕着文创内容制作的上下游产业，AIGC未来都有非常广阔的应用场景。

我们聚焦在AIGC+文创领域，希望做业内领先的 AI 辅助生成工具和平台，并为未来做 AIGC 的原生内容生成工具和平台奠定基础。我们找准了一个流量最大的切入点，即 AI 内容辅助生成与短视频（抖音&快手为主）的结合，其中 AI 辅助生成与网文小说、付费短故事、网络短剧的结合是一个初期但增长迅速的赛道，因此我们瞄准了这个细分赛道。
在AIGC+文创的这个细分赛道内，我们为创作者提供AI内容创作的工具，为内容平台提供内容分销的效率提升，并向内容生产的上游拓展更多业务布局。

二、团队介绍
我们核心团队主要来自于BAT头部的互联网公司，以杭州本地的阿里系为主，核心成员资历均为专家级以上，且具备AIGC的垂直模型训练、模型部署、技术开发能力，以及丰富的产品运营经验。"
2024-09-14 15:32:07,爬虫工程师,创因网络科技,杭州,"杭州创因网络科技有限公司成立于2017年5月，由来自阿里巴巴知识产权部门的创始人团队以及线下知识产权保护行业经营17年的老牌公司共同创办。公司的愿景是以数据为核心，利用云计算、大数据及互联网技术，依托各类行业资源，搭建一个专业、简便、快捷、互通、多维的互联网知识产权服务平台，为国内外权利人（企业、个体等）提供知识产权咨询、保护、监测、维权、扶持、运营等精准、周到的一站式整理解决方案。

 
公司合伙人来自阿里巴巴知识产权保护业务创始人兼负责人，蚂蚁金服技术、产品资深专家等数位在阿里巴巴工作10年以上的资深人士；也有来自线下传统知识产权公司的董事。我们将结合线下传统知识产权公司数十年的品牌沉淀，和互联网平台创新、产品化、数据化的运营模式，打造一个全新的知识产权保护体系"
2024-09-14 15:32:08,python爬虫工程师,游刃科技,北京,"北京游刃科技有限公司成立于2020年4月，核心创始团队曾领导过若干部委级大数据项目、工程经验丰富、业界口碑出众。公司聚焦于公民隐私保护领域，致力于向企业、个人、监管机关与执法机构三类客户群体提供先进的咨询、培训、产品与技术服务。公司持续跟进与欧盟GDPR法案，美国CCPA法案，《中华人民共和国数据安全法》以及全球百余部不同国家地区的隐私法规相关的行业动向，积极调整自身的产品服务策略，是国内在隐私保护领域的先行者。
公司在隐私保护这个全新领域中表现出众，成立5个月内即获1000万元天使投资。今天的游刃科技，正在隐私保护这条新赛道内加速前行，迅速扩充自身的核心能力，以持续为客户提供更加先进的技术和更加优质的服务。"
2024-09-14 15:32:08,Python工程师(J10563),BDO立信,上海,"立信会计师事务所（以下简称“立信”）由中国会计泰斗潘序伦先生于1927 年在上海创建，是中国建立最早和最有影响的会计师事务所之一。1986 年复办，2000 年成立上海立信长江会计师事务所有限公司，2007 年更名为立信会计师事务所有限公司。立信依法独立承办注册会计师业务，具有证券期货相关业务从业资格。2010 年，立信获得首批H 股审计执业资格。2010 年12 月改制成为国内第一家特殊普通合伙会计师事务所。
经过八十余年的长足发展，立信在业务规模、执业质量和社会形象方面都取得了国内领先的地位。2001年起，立信在全国会计师事务所签发国内上市公司审计报告数量排行榜上一直保持第一。
2000年立信加入国际网络提前实现了专业服务与国际接轨，并扎实培养了一批国际化人才。2009年立信加入全球第五大国际会计网络——BDO国际，通过与境外成员所的交流，锻炼、巩固和发展了立信跨境业务的经验与优势。
立信现有从业人员10000余名,其中执业注册会计师1900余名。总部设在上海，有七个专业委员会，以及审计业务部、国际业务部、银行业务部及审计风险管理部、信息技术部、教育培训部、管理咨询部、税务部、资产评估部、工程造价咨询部、信息鉴证部、公司清算部、市场与品牌推广部、会计政策研究中心、产学研基地等与业务相关的部门。现有客户遍布全国各地，为上市公司、IPO公司，外商投资企业、大型央企、国有集团、银行、证券公司、期货经纪公司、保险公司、信托公司、基金公司等提供审计及相关业务。"
2024-09-14 15:32:09,python爬虫工程师,长沙梦琳传媒有限公司,长沙,"公司名称长沙梦琳传媒有限公司
法定代表人张乐宇
成立日期2022-08-22
企业类型有限责任公司（自然人独资）
经营状态存续
注册资金5万人民币
查看全部"
2024-09-14 15:32:09,高级爬虫python工程师,中数智创科技有限公司,石家庄,"公司名称中数智创科技有限公司
法定代表人张世栋
成立日期2018-07-18
企业类型有限责任公司（自然人投资或控股）
经营状态存续
注册资金10000万人民币
查看全部"
2024-09-14 15:32:30,大数据爬虫工程师,,济南,
2024-09-14 15:32:31,python开发工程师,杭州如日方升网络科技,杭州,"杭州如日方升网络科技有限公司是一家走在时代前沿专注网络广告营销的新兴网络科技创新企业，拥有专业的销售体系，完善的客户服务体系，为广大客户提供最专业、高效和全面的网络营销服务。聚集了一批优秀销售服务队伍，具有良好的教育背景、丰富的从业经验和优秀的过往业绩。我们利用自身经验丰富的专业人才队伍，秉承着追求卓越的精神，始终保持业内高速稳固的发展。
我们重视客户，重视员工，团队氛围融洽，积极进取，有良好的磨练学习氛围与晋升空间。积极做事，快乐赚钱。跟对人，做对事，期望与更多志同道合的伙伴做出更好的事业。"
2024-09-14 15:32:31,Python 后端开发实习生,澜图未来,杭州,"澜图未来（成都）数据科技有限公司成立于2023年，总部坐落在成都，目前已在上海和北京设立分公司。我们致力于数据库研发，为用户提供创新的多模数据库产品，以满足日益复杂的应用场景需求。同时，我们的核心产品也将逐步开源，为更多的用户提供优秀的数据库产品。核心团队成员来自字节跳动、华为、360等, 对数据库与大数据等均有丰富的经验."
2024-09-14 15:32:31,python爬虫工程师,心尔阅,郑州,"公司名称河南心尔阅网络科技有限公司
法定代表人冯云飞
成立日期2019-01-21
企业类型有限责任公司（自然人投资或控股）
经营状态存续
注册资金200万人民币
查看全部"
2024-09-14 15:32:32,python爬虫工程师,千杉建筑咨询,东莞,"公司名称吉安市吉州区千杉建筑咨询有限公司
法定代表人王强
成立日期2023-07-14
企业类型有限责任公司（自然人投资或控股）
经营状态存续
注册资金30万人民币
查看全部"
2024-09-14 15:32:43,爬虫开发工程师,,北京,"高级python开发工程师
35-65K·16薪
某大型基金公司
北京
高级视觉算法工程师
35-55K·16薪
粒度
北京
openstack开发工程师
35-50K·16薪
大禹
北京
量化开发工程师
35-65K·18薪
某大型基金公司
北京
大模型应用开发工程师
35-65K·15薪
某互联网公司
北京
量化开发工程师
35-65K·14薪
某大型基金公司
北京
python开发工程师
35-50K·15薪
某基金公司
北京
高级python开发工程师
35-60K·15薪
某500强上市公司
北京
资深后端开发工程师
35-65K·16薪
苌兴科技
北京
云平台研发工程师
40-70K
某大型知名互联网公司
北京
集群开发工程师 （分布式文件存储)
40-70K·16薪
某500强上市公司
北京
Data Analyst
35-60K·16薪
某基金公司
北京
高级后端工程师
35-60K·15薪
某大型企业服务上市公司
北京
高级python后端开发工程师
35-50K
乾后咨询
北京
高级平台研发工程师
30-55K·14薪
某大型知名互联网公司
北京
后端研发工程师--国际化广告
30-60K·15薪
北京字节跳动
北京
Python开发（量化）
40-70K·16薪
某大型基金公司
北京
仿真算力平台工程师
30-60K·15薪
滴滴
北京
资深python工程师
30-40K
某大型互联网公司
北京
Python Developer
30-45K·13薪
某500强上市公司
北京
金融不卷-python开发-大模型/AI
30-60K·15薪
某国内知名互联网金融公司
北京
高级后台开发工程师
40-60K·17薪
腾讯
北京
网络平台开发工程师
30-60K·16薪
小红书
北京
大模型系统开发工程师（急聘）
30-60K·16薪
BOSS直聘
北京
Quant Developer
30-60K·16薪
某国内知名互联网金融公司
北京
数据开发工程师
30-60K·18薪
某大型基金公司
北京
isp图像工程师
30-40K
某大型计算机软件公司
北京
数据库工程师（DBA）
40-70K·15薪
北京有竹居网络
北京
量化开发工程师
40-60K
某证券公司
北京
高级后端开发工程师 （Python，北京）
30-40K
Veeva
北京"
2024-09-14 15:32:43,Python web/网站开发实习生,美知教育,上海,"公司名称满点（上海）商贸有限公司
法定代表人刘晓江
成立日期2006-02-15
企业类型有限责任公司（自然人投资或控股）
经营状态存续
注册资金100万人民币
查看全部"
2024-09-14 15:32:44,python爬虫（24届实习生）,稷生科技,广州,广州稷生科技有限公司成立于2017年，位于广州天河华景软件园，致力于大型智库建设与运营，为地方政府、企事业单位提供高效解决方案和渠道平台，不断发展成为具有全国意义的创新型知识型的高等级咨询公司。公司与政府部门、中央企业、高等院校、名优企业建立了广泛而紧密的战略合作关系。
2024-09-14 15:33:04,爬虫工程师,,杭州,
2024-09-14 15:33:05,初级python工程师,杭州选哲软件有限公司,杭州,"选哲专注于业财融合数字化服务，秉承“轻松算账、科学经营”的价值主张，用“流程融合、数据融合、管理融合”的业财融合思路，通过积木式的数字化中台帮助企业连接信息孤岛，快速出具经营报表，助力成长型企业更精细化的科学经营，实现基业长青。

专业的技术能力是选哲科技服务企业的重要依托，公司成立至今已获得29项软著，并于2018年获得国家高新技术企业资质。经过10年的砥砺前行，选哲已经实施超过2000＋的信息化项目，服务超过700＋的成长型企业客户，覆盖了自动化、系统集成、生产制造、零售、电商、互联网、金融、能源等多个行业。"
2024-09-14 15:33:06,python编程讲师,光海科技,杭州,"杭州光海科技有限公司成立于2013年4月，中国在线教育百强品牌，教育部区域教育信息化三年创新发展指定合作单位。公司业务聚焦于教育互联网，当前定位是依托腾讯生态为K12教育用户提供SAAS服务，成为新型的教育互联网运营商，目前公司拥有注册商标、知识产权100余项。
公司2021年获得腾讯投资。
公司与腾讯企业微信教育版深度合作，推出了基于企业微信教育版的智慧平台，搭建起教育局-学校-家长的垂直管理体系，面向各级教育单位和下属学校提供系统性的教育信息化支撑，是区域性的智慧教育解决方案。光海科技企业微信教育版平台自2020年4月正式启动市场推广，现已覆盖广东、湖北、河北、湖南、山东、海南、江西、贵州、广西、河南、福建、四川、安徽、甘肃、青海、陕西、云南、新疆等近30个省份，300余个区县，并持续高速增长中。2020年8月，光海配合国家教育部奔赴广西罗城开展教育调研工作，并为罗城智慧教育创新发展计划捐赠5000万元的物资，获国家教育部来函致谢。
目前，公司已同部分省市教育厅、教育局展开深入合作，共建区域教育信息化生态体系。旗下产品荣登新华社、人民日报、中国新闻网、中国教育报、浙江日报、钱江晚报、浙江省政府网、大河报、腾讯网、网易、搜狐等多家知名媒体报道。


加入我们，您能拥有：
1、工作环境：开放明亮的办公环境、朝气蓬勃的团队；
2、活动：不定期的部门聚餐、生日会、部门活动，公司outing和团队建设活动；
3、假期：双休、带薪年假、法定假期，让您能很好的平衡工作和生活，快乐工作；
4、五险：入职即缴纳五险；
5、薪资奖金：市场上极具竞争力的薪酬体系，每年1-2次的提薪机会，让您可以为了理想而奋斗；
6、培训：公司为员工提供多种培训，让您在知识的海洋畅游，一起与同事们共学习、共进步！
7、晋升：内部转岗（横向发展）、纵向提升，为您开启宽阔的职业发展空间。"
2024-09-14 15:33:06,python爬虫数据采集,中间带,上海,"中间带（北京）技术服务有限公司是一家专门从事健康保险第三方管理的专业且独立的服务公司，最早起源于拥有业内技术领先的ECCS核心系统的马来西亚MediLink-Global公司，于2019年11月加入南燕集团并成为其成员企业。
公司成立于2005年，成立伊始便专注客户服务，提升核心技术，创造数据价值，确保客户数据安全。公司秉承独立、专业、客户利益至上的宗旨，为中外保险公司、再保险公司、保险代理机构、保险经纪公司和大型自保企业提供健康保险第三方管理服务、直付医疗网络以及企业健康服务等，在市场上拥有良好的口碑和领先的品牌。
在中国大陆、港澳台、东南亚及美国、欧洲等拥有直付医疗网络机构，包括大中型医院、专科医院、齿科诊所和体检机构等，向客户和会员提供完善的保险就医服务、第二诊疗意见和健康管理服务。

【南燕】南燕以技术改善用户的产品服务体验
通过南燕云&宇泰经纪，赋能行业上下游
通过椋歆健康&Medilink-Global中间带，提供严肃医疗和消费医疗的完整解决方案
我们不断尝试在行业链条的纵深区进行深度探索
我们大力投资于人才队伍和科技创新
我们敬畏并改变着这个行业的价值和理念
成立于2015年，始终拓展边界，始终深信用户为本，始终坚持数字化的改造"
2024-09-14 15:33:07,python爬虫开发工程师,星系互动,北京,北京星系互动科技有限公司成立于2015年，公司注册资金5000万，总部位于北京，在重庆、广州等地设有分公司或办事处，在湖南和杭州拥有培训和直播基地。星系互动为客户提供包括自媒体舆情分析、AI内容产出及分发、AI尾翼及口碑管理、媒体关系数据库、直播电商运营、新媒体账号培训孵化等各类智慧营销服务。在新媒体时代，星系互动坚持以数据为本，以技术为纲，不断开拓脑洞，孵化灵感，洞察线上传播中的细枝末节，从而掌握消费者的情绪变化，透析意识形态与媒体发展的趋势，为客户达成卓有成效的品牌传播效果。星系互动服务团队具备多年公共关系、新媒体运营孵化经验及丰富的汽车品牌的自媒体合作经验及内容创作能力，并顺应数据技术时代需求组建了专业的产品技术及数据团队。
2024-09-14 15:33:07,Python爬虫工程师,翰斯哈麻,北京,"公司名称北京通海时代咨询服务有限公司
法定代表人林美丽
成立日期2018-11-15
企业类型有限责任公司（自然人投资或控股）
经营状态存续
注册资金100万人民币
查看全部"
2024-09-14 15:33:08,爬虫工程师(兼职),造梦狮,杭州,给学校做校服，给企业做工作服。
2024-09-14 15:33:08,[急招] Python爬虫工程师,大智汇科技,杭州,"我公司大麦数据品牌创立于2019年，专注于提供拉美地区跨境电商一站式选品和运营工具。我们致力于为卖家提供大数据选品分析/BI服务，提升选品精准度，实时掌握平台动态，助力卖家打造热销产品。

我们的技术团队由原诺基亚技术团队的核心成员组成，技术实力雄厚，在电商平台开发、数据分析和算法优化方面拥有丰富的经验。团队成员具备多年项目实战经验。凭借专业的技术能力和创新精神，我们不断提升产品性能和用户体验，为卖家提供更加智能和高效的解决方案。"
2024-09-14 15:33:09,高级爬虫工程师,畅唐网络,杭州,"浙江畅唐网络股份有限公司是一家集研发、运营、发行于一体的高新技术企业。公司成立于2007年5月，注册资金7500万，坐落于美丽的白马湖畔。作为一家在地方化互联网服务行业产生重大影响的企业，畅唐网络在产品开发和平台运营等方面均位于全国前列。

公司拥有一支专业、严谨、高效、团结的技术开发、市场开拓及服务团队，现有员工300余人，平均年龄26岁。在这支充满活力、富有激情的团队的合作下，公司已在全国25个省份的400余个城市开展了业务，旗下品牌同城游平台拥有注册用户超过2.5亿人，月度活跃用户超过1000万。。

秉持为用户提供优质完善服务的宗旨，在“专注、分享、诚信、共赢”企业价值观的指引下，经过数年悉心经营，公司主打产品同城游平台在业内和用户之间都树立了良好口碑。

严谨、协作、创新、卓越，是我们的企业精神。
专注、分享、诚信、共赢，是我们的价值观。
知行合一，精益求精，是我们的工作理念。

我们不断尝试挑战新的高度，让千家万户享受便捷快乐的网络生活，为地方互联网文化产业的繁荣而努力。

未来十年，我们也将带着爱和责任，继续耕耘。

希望与你携手同行，十年，二十年，未来无数的日子里，我们与美好相遇，共享快乐生活。

很高兴和你相遇在美好的时间里，共同做一件美好的事。

我们还能为你提供—
职业成长：畅通无阻的发展空间及良好的培训机制
文化氛围：透明健康的企业文化，亲近随和的同事
薪酬待遇：每年一次加薪机会；年发15-21薪（奖金另计）
社会保险：五险一金；
员工福利：餐补、车补、节日福利、拓展、旅游等；
个人假期：带薪年休假、婚假、产假等国家法定假期，且每年一次探亲路费报销；
办公环境：为每位员工配备笔记本电脑，提供一切方便工作的办公用品。"
2024-09-14 15:33:29,Python（六险一金，20~50w）,,杭州,
2024-09-14 15:33:30,python爬虫工程师,风车畅想,西安,公司主要从事海外休闲游戏和移动工具类产品的研发和发行。
2024-09-14 15:33:30,python爬虫工程师,丝棠,绍兴,"浙江丝棠科技集团有限公司成立于2017年，下属7家全资子公司，是一家集家居产品研发、设计、生产、加工和贸易为一体的外向型企业。公司有400多名员工，本科及以上学历占40%以上。企业销售产品以窗帘，窗帘杆、地垫等家纺类产品为主。公司旗下拥有三个核心品牌，产品远销欧美、日本、东南亚市场，在主流电商平台销售份额常年居于市场第一。
目前公司在香港、杭州、深圳成立分公司，在海外设立了自主仓储配送系统，通过自主开发线上品牌旗舰店，全程IT人员一站式程序开发，将供应链、销售链对接并运用DTC自主品牌模式践行中国原创品牌出海战略，将中国制造，中国设计走向世界。"
2024-09-14 15:33:31,python爬虫,品达公关,北京,帮助品牌找到自我，持续输出品牌力量。
2024-09-14 15:33:31,python爬虫工程师,辽宁中科新柳科技,沈阳,"辽宁中科新柳科技有限公司以精英贤才聚麾下，凝心聚力创未来为目标。 长期致力于APP，网站，小程序软件开发和网络营销等互联网业务服务。
作为经验丰富的互联网服务企业，我们坚持以合作共赢,服务源于心，诚信大于天的态度服务每一位客户，全力为客户打造互联网渠道辐射的新型企业，为企业腾飞助力，为创造辉煌加油，
以人为本，承包天下。专做企业互联网软件的一站式解决方案。"
2024-09-14 15:33:32,python开发,杭州七凌,杭州,"公司名称杭州七凌科技有限公司
法定代表人胡彬
成立日期2017-11-13
企业类型其他有限责任公司
经营状态存续
注册资金2000万人民币
查看全部"
2024-09-14 15:33:33,爬虫工程师,福建千亿信息,福州,"福建省千亿信息科技有限公司创立于2015年，注册资金1000万，是一家从事软件开发、系统集成、硬件销售、视频制作、舆情服务、大数据挖掘与应用的科技开发服务型企业，主要提供教育、文化等行业信息化建设及服务解决方案。公司现位于福州高新区海西园中青大厦11层。经过三年多的发展，目前福建千亿信息已形成网络舆情监测服务、视频移动端应用系列软件（智能活动讲座管理系统、移动直播系统、智慧就业视频简历发布系统、融媒体采编播系统）、大数据挖掘与智能应用、信息化系统集成等四个主营方向。公司拥有多个自主研发产品，并与腾讯、百度、华为、联想、戴尔等达成战略合作协议，成为福州大学、福建师范大学、福建师范大学福清分校、闽江学院、福建江夏学院、福建警察学院、福州职业技术学院等多所高校的产学研合作基地。

公司位于福州市高新区海西园（大学城）中青大厦11层（地铁2号线厚庭站边），朝阳产业，待遇优渥，公司工作氛围温馨融洽，我们期待您的加入！"
2024-09-14 15:33:33,Python（爬虫方向）,深圳华云信息系统科技,深圳,"深圳华云信息系统科技股份有限公司（简称华云信息）成立于2007年，是国内领先的创新型金融科技企业。公司业务覆盖基于FPGA的极速交易产品，AI+大数据平台相关解决方案，IT基础设施建设与服务等领域。

华云信息创始团队由金融科技行业资深从业者和技术专家组建而成，拥有超过20年的金融、计算机、AI大数据等细分领域的研究与实践经验，具备过硬的研发能力与完备的综合服务体系。持续为招商证券、平安证券、平安银行、光大银行、广发银行、广州交易所等众多优质金融机构提供可靠的技术开发及产品服务。并与第四范式、竹间、鸿翼股份等AI厂商，以及CDH、华为、Kyligence等大数据厂商开展紧密的战略合作，形成了具有华云特色的AI+大数据业务服务能力，帮助广大机构客户实现有效的AI应用场景落地。持续为中国金融科技行业发展赋能，推动中国金融智能化全面发展。

核心价值观：务实、担当、激情、创新
企业使命：科技助力金融，让数据更智能
企业愿景：致力成为行业领先的创新型金融科技企业"
2024-09-14 15:33:34,Python数据处理工程师,一毂数据,武汉,湖北一毂数据服务公司是一家具有自行开发“电子招投标平台”能力的互联网企业，其开发运营的“一毂清风招投标电子交易平台”，已于2017年5月与国家发改委下属的中国招标投标公共服务平台对接。并在中国政府采购网备案。具有完全的知识产权和十七项软件著作权，至今已有十多个市、县、区，五十多家代理机构在平台已完成近三千个各类招投标和政府采购的交易项目，均受到各地财政部门、公共资源交易中心及代理机构等使用单位的好评。
2024-09-14 15:33:54,爬虫开发工程师,,杭州,
2024-09-14 15:33:55,python开发工程师,沈阳东睿科技,沈阳,"沈阳东睿科技有限公司是一家专业的军用软件解决方案与服务供应商，致力于军用模拟仿真、人工智能和智能制造等领域国产化软件产品研发，同时深入实施国家军民融合发展战略，面向政府、教育、医疗、运营商等行业，提供软件技术服务。公司成立于2018年9月，总部位于沈阳，在北京、西安、成都、扬州等地下设分子公司及办事处，现有员工150余人，其中技术人员占比90%以上。
公司拥有多项国家级、省部级资质，包括：国家二级保密资质认证、国家高新技术企业认证、ISO9001质量体系认证、双软认证、AAA信用等级认证；公司现任多个全国性行业联盟/协会成员，包括：“航天复杂系统仿真技术与产业联盟”理事单位，“航天复杂产品智能制造产业联盟”理事单位，“航空科技产业创新联盟”成员单位。"
2024-09-14 15:33:55,python爬虫工程师,上海易无忧科技,上海,打造国内第一量化生态平台。
2024-09-14 15:33:56,python工程师（爬虫）,渠成集团,宁波,"宁波渠成集团有限公司始创于2005年，成立之初就选择了一条不同于一般外贸公司的创新之路。经过近20年的发展，现已成为一家集研发，营销及供应链管理相结合的专业出口公司，并拥有多家国内及海外子公司，业务范围覆盖全球100多个国家和地区。通过所主营的音视频支架台架及其配件，人体工学类等数千款产品作为公司成长和发展的载体，建立起了一支有着优秀企业文化和精深专业技能的团队，结合公司的高效运营体系和独特商业模式，现已成为所在领域的标杆。年度出口额超3亿美金并持续增长，宁波前40外贸企业。 目前拥有两个国内品牌，北弧Brateck和松能Humanmotion。
自成立以来一直在稳步发展，队伍也在不断壮大中，现有员工600多人，平均年龄约29岁，毕业院校包括：浙江大学、中山大学、西安交通大学、杭州电子科技大学、宁波诺丁汉大学、浙江工业大学、宁波大学、澳洲国立大学、西班牙巴塞罗那自治大学、中国美术学院、绍兴文理学院、台州学院、宁波工程学院、浙江万里学院、浙江大学宁波理工学院、浙江越秀外国语学院等。虽然员工来自不同院校，有着不同背景，但是公司秉承着不拘一格，宁缺毋滥和以奋斗者为本的用人理念，对每一个入职员工均一视同仁。
新时代一定有新未来，渠成集团将在现有基础上继续扎实打造精准产品开发和深度贸易服务体系，并逐步向科技型外贸出口公司转型，同时把过去多年沉淀积累的文化团队体系模式应用到其他系列产品和服务，从而形成强大的护城河。选择做这件正确而艰难的事是因为我们相信有优秀的文化和团队，有厚积薄发的底气和舍我其谁的豪气，征途就会是坦途。

职业晋升制度：
常规入职从P序列（技能方向）开始发展，随着技能的加深，后期分两个方向发展：
P序列（技能方向）：P1、P2、P3、P4、P5、P6、P7；
M序列（管理方向）：M1、M2、M3、M4、M5；
渠成的每一个职位，都有其足够的发展空间。

福利待遇：
1、周末双休，五险一金
2、国家法定带薪休假
3、国家法定节假日及礼金或礼品
4、多样的内外培训机会，一对一带教培养
5、福利体检、生日贺礼、新婚贺礼、生育贺礼等
6、结婚纪念日、重阳节、儿童节礼品等
7、高于行业平均薪酬的薪资
8、视业绩增长情况而发放的特别奖励
9、每年调薪及获得年度特别奖金的机会
10、工会活动、年度集体旅游
11、部门活动经费以及旅游经费
12、多姿多彩的主题活动，丰富多彩的有奖竞技活动

联系方式：
联系人：Miss吕
联系电话：*************
电子邮箱：*****
官方微信：****************
公司地址：宁波市鄞州区惠风东路利时金融大厦1号。"
2024-09-14 15:33:56,Python 爬虫工程师,麦锐克,苏州,"苏州麦锐克生物科技有限公司成立于2021年，是一家拥有核心生物技术的科技公司，公司总部位于苏州工业园区生物医药产业园区。
麦锐克由美国海归博士创立，目前已汇聚数名国内外从事生物医学研究的高层次研发人员，并依托microRNA核心技术成功搭建麦锐克自主创新技术平台。麦锐克通过专利方法学突破，填补了国际 AD(阿尔兹海默病)早期诊断技术的空白，解决了miRNA诊断技术的关键环节，实现了AD诊断技术全链条、全场景的应用。同时，麦锐克生物科技的 miRNA 技术平台也专注于癌症早筛领域，为癌症早期的辅助诊断提供高精准性、高灵敏性的生物技术支撑。
公司研发人员占比80%，其中硕博以上学历占比88%。麦锐克将始终如一坚持研发，坚信“科技服务人类，开创健康未来”，推行积极的人才战略，以德为纲，唯才是用，我们为人才提供具有竞争力的薪资福利保障体系，重视人才发展，落实福利待遇，完善人才发展路径，激发人才的创造力和主观能动性。
截止2023年，麦锐克生物科技已完成三轮累计亿元人民币的投资，奠定麦锐克在IVD 行业赛道中技术平台的优异地位。秉着“见微知著，见证奇迹(miRNA is MiRacle)”的愿景，麦锐克广纳贤才，希望更多人才加入我们，为中国生物医药发展贡献力量，一同打造产业集群，构建miRNA的产业生态系统。"
2024-09-14 15:33:57,爬虫,奥创光年,杭州,"一、公司简介
奥创光年的使命：用技术加速创意和营销数字化转变。
奥创光年是一家通过领先的技术能力构建智能化的创意营销平台。以数据产品能力为核心实现媒体和创意的整合提效。为全球品牌提供产品工具以及数字营销解决方案，帮助品牌提升数字资产效能，从而实现高质量的增长。

二、核心团队：
创始人 徐哲 互联网连续创业者
字节跳动 飞书产品总负责人
阿里巴巴 千牛及服务市场 负责人
Doit.im 创始人
公司其他核心管理层中既包括曾就职于字节跳动、阿里巴巴、腾讯等一线互联网公司，也包括曾服务过雅诗兰黛、欧莱雅，宝洁，百事可乐，可口可乐等全球知名品牌并担任要职。

三、核心优势
数字化产品构建能力：创始团队具有从零打造亿级用户体量 B 端产品经验，具有国内互联网产品构建能力。
品牌业务理解能力：创始团队具有亲自操盘过从十亿，百亿，千亿销售体量品牌平台市场经验，具备洞察/服务不同体量品牌需求的能力。
丰富的媒体投放能力：数字营销团队拥有丰富的国内外多渠道投放优化经验，曾负责上亿美元年度数字营销预算，也曾获得媒体颁发的电商类优化奖项。
互联网生态合作能力：创意团队成员拥有丰富生态理解，并且具备在设计、创意、拍摄全链路的操盘经验。既能自产出多个单支消耗百万人民币的爆款创意视频，也能与生态合作生产规模化的创意内容量。服务客户包括护肤美妆、服饰、数码、互联网、出行等。"
2024-09-14 15:33:57,Python/Java爬虫工程师,辰风网络,成都,"公司名称成都辰风网络科技有限责任公司
法定代表人刘孝平
成立日期2019-09-11
企业类型有限责任公司（自然人投资或控股）
经营状态存续
注册资金100万人民币
查看全部"
2024-09-14 15:33:58,python爬虫开发工程师,灵宝梦回传媒,三门峡,"三门峡
搜索"
2024-09-14 15:33:58,高级python爬虫工程师,卓进创新跨境,深圳,"卓进创新跨境电子商务（武汉）有限公司成立于2022年7月，专注于跨境电子商务、互联网电子商务的开发与应用，目前主要依托亚马逊平台，专门以欧美市场为主要销售对象，同时开发日本和东南亚商贸市场，
我们拥有成熟的产品线，具有专业的研发团队和运营团队，同时也有良好的行业口碑和产品评分。
公司信奉""专注、拼搏、创新、快乐"" 的价值观，追求客户、员工与公司的和谐共赢，致力于基业常青、打造
立志成为中国外贸电子商务领域最具影响力的公司。"
2024-09-14 15:33:59,中级python爬虫工程师,指尖秘码,德阳,"德阳指尖秘码科技有限公司，成于 2020年5月18日，是一家专业从事软件开发和大数据应用的国家高新技术企业。 公司主要业务包括：软件开发、互联网平台搭建；数据处理服务；互联网数据服务；互联网商务服务平台；信息技术咨询服务等。公司通过核心产品“指尖秘码创能云智慧能源管理平台”， 该平台实现了企业“能源可视化”、“管控智慧化”，打破了信息孤岛和重复建设，为企业降成本、控费用、保安全、增强企业综合竞争起到了重要促进作用，为中国制造 2025 夯实基础，实现数字经济与实体经济相融合，打造数字经济驱动引擎，助推实现国家“3060”双碳目标。
德阳指尖秘码科技有限公司聚焦研发能力的提升，于2020年便建立了企业研发中心，拥有研发人员二十余人，占企业职工总数的80%以上"
2024-09-14 15:33:59,python自动化,合肥鑫山,合肥,"鑫山财务管理有限公司，成立于2013年,合肥总部现有全体员工100多人，在南京、杭州、无锡拥有分公司。公司专业代理工商注册、变更、增资、验资、税务登记等一系列工商税务事项以及代理卫生、环保、运输等专项审批事项，为中小型企业提供专业的代理记账业务、乱帐整理、年检、财务咨询、税务咨询、财务制度制订等服务。
截止2020年底，鑫山财务管理有限公司已成为合肥地区同行业里的尖端企业代表。代理记账固定客户5000多家，服务过的中小型企业超过9000家。鑫山财务管理有限公司为中小企业提供行业标杆式的高品质商务服务。本着客户第一，服务至上，多方共赢的经营理念，经营工商、税务行业代办业务多年，积累了强大的经济、社会资源；为创业者提供专业、便捷的代理公司注册服务，办理各种繁琐的前置及后置专项许可审批；为准备扩大规模的企业提供快速、可靠的代理增资服务。公司始终保持可持续、稳健的发展状态，立志成为安徽省乃至中国商务服务行业的标杆企业。
鑫山财务管理有限公司率先推出""贴身财务管家""理念，在全市各大商圈设立办事处，最大限度实现零距离服务，让客户可以足不出户享受全方位的管家式服务。让我们和客户之间可以快速传递信息、递送各种资料和票据；为客户节省更多的时间和精力，提高企业运作效率。"
2024-09-14 15:34:00,Python爬虫工程师,龙骐科技,广州,"公司名称广州龙骐科技有限公司
法定代表人黎外林
成立日期2017-07-03
企业类型有限责任公司（自然人投资或控股）
经营状态在营
注册资金100万人民币
查看全部"
2024-09-14 15:34:00,资深爬虫工程师,杭州魅力,杭州,杭州魅力网络科技有限公司成立于2016年10月，是一家专注于手机扫二维码场景流量变现的互联网公司，历时五年发展公司开发了针对微信扫码，支付宝扫码等所有场景的多款流量变现产品。其中H5广告平台流量日UV达600万+，公众号粉丝矩阵规模1亿+，私域流量粉丝沉淀100万+。
2024-09-14 15:34:01,python实习生,杭州艾达普智能科...,杭州,"杭州艾达普智能科技有限公司注册于2019年，是一家集AIoT软硬件研发、智能家居系统服务、跨境电商及品牌出海于一体的高新技术企业。艾达普品牌旗下拥有智能窗帘、手指机器人、智能插座、传感器、智能开关、照明等几十款智能硬件产品，可以实现远程控制、语音控制、定时开关等多种智能控制方式。已进入千家万户，为用户带来智慧家庭的便捷。

在创新思维和研发为首的核心理念引领下，艾达普为传统电器行业带来革命性的物联网智能解决方案。目前企业已拥有多项专利，并将在未来持续深耕相关领域解决方案，优化行业运作效率。"
2024-09-14 15:34:01,Python开发工程师（RPA及爬虫方向）,拓途网络科技有限公司,广州,"公司简介：
 拓途网络科技有限公司成立于2015年, 是一家专注于经营精品品牌的跨境电子商务公司。创始人来自世界500强的美国公司Amazon亚马逊高级管理团队，有着超过10年丰富的电子商务管理经验。旗下有独立的跨境电商物流公司、跨境进口业务与跨境电商系统服务公司，在上海、深圳、台湾都设立有独立办事处与仓储。

公司拥有强大的供应链和自主品牌研发、设计、生产能力，整体团队具备成熟的数据分析能力及原创研发优势。基于过往多年的电商、选品经验，及对国内多品类供应链的聚合管控能力，通过成熟的数据分析及原创研发优势，为多场景下的节庆消费用户提供高品质、标准化产品。

在跨境贸易业务方面，拓途以派对装饰为主营产品，产品多样创新，在海外主流跨境电商平台亚马逊等平台建立了英语、德语、法语、日语、西班牙语、意大利语站点，并在 2018 年成为AMZON 中国区成长最快的企业之一。实现每天数万个包裹寄到全球消费者手中。

在跨境物流业务方面，拓途旗下有中山在地人物流公司。其经营与代理各种跨境专线、小包与跨境快递产品，在美国、英国、德国、美国、日本、中国香港等地设立了海外仓储，同时拥有中国香港发债人牌照，经营跨境供应链金融服务，为众多电商零售企业提供国际国内快速直达消费者的物流解决方案，是一家综合的跨境物流服务商。现为几百家跨境电商企业提供各种物流服务。

在大数据服务方面，深圳四千里数据有限公司 ——4kmiles ，是英国上市公司艾盛集团全资子公司，Acential 拥有全球最顶级的电商服务商能力。4K目前是亚马逊全球前3的视频业务平台，其合作的全球顶级品牌客户有五百多家，两万多卖家。


公司地址：广州市天河区广园东路博汇街6号 棠下智汇Park  D栋3楼    
【交通便利】 ：覆盖3条地铁线；班车上下班接送3个班车点：3号线五山站/4号线车陂站/车陂南/东圃；
【假期福利】 ：带薪年假病假、法定假期、婚假、产假等；
【工作时间】 ：双休，8小时工作制，上下班1小时弹性时间；
【薪资福利】 ：入职后每年进行一次绩效与薪资评估，优秀者进行薪资调整；满1年后可申请轮岗或者职位晋升；缴纳五险一金；有年终奖；加班补贴；
【员工活动】 ：团队聚餐，团建活动；
【额外福利】 ：零食、茶水饮料、现磨咖啡。"
2024-09-14 15:34:02,python开发工程师,广州海之鑫,上海,住房租赁;非居住房地产租赁;物业管理;医护人员防护用品批发;电子元器件与机电组件设备销售;日用口罩（非医用）销售;消毒剂销售（不含危险化学品）;卫生用品和一次性使用医疗用品销售;特种劳动防护用品销售;劳动保护用品销售;电力电子元器件销售;第一类医疗器械销售;五金产品批发;医用口罩批发;仪器仪表销售;电子元器件批发;国内贸易代理;贸易经纪;电子产品销售;五金产品零售;医用口罩零售;劳动保护用品销售;电子产品销售;光学仪器销售;供应用仪器仪表销售;电力电子元器件销售;安防设备销售;企业形象策划;会议及展览服务;社会调查（不含涉外调查）;广告制作;品牌管理;市场营销策划;广告设计、代理;食品经营（销售预包装食品）;进出口代理;食品经营;保健食品销售;食品互联网销售（销售预包装食品）;货物进出口;食品经营（销售散装食品）
2024-09-14 15:34:02,爬虫讲师7K,壹心享学,长沙,"壹心享学成立于2019年，是一家致力于培养中高端IT技术人才，提供优质在线教育服务的培训机构。
我们的竞争力在于聚集了国内优秀互联网的技术核心人才，我们的讲师拥有多年的IT研发背景，利用丰富的项目经验打造优质课程技术体系，整个课程体系从教学到项目实战，传道受业，循序渐进。
目前我们开设了网络安全、人工智能、python三门核心课程。我们的使命是让更多人通过技术改变生活，提高个人竞争力，桃李天下。"
2024-09-14 15:34:03,python工程师（爬虫）双休,啾圆阁,宁波,公司是一家以新媒体运营为主，做小说短剧广告投放的年轻、有活力的甲方公司。公司员工包括老板都是90后，上班氛围轻松又快乐，不愁没话题唠嗑。目前公司正在快速发展阶段，我们希望进来的你也是充满活力、精力充沛的样子，在轻松的工作氛围中，认真、努力工作，早日实现经济自由！
2024-09-14 15:34:03,python爬虫工程师,三人禾科技,重庆,觅物致力于物尽其用，闲置物品的全球流通
2024-09-14 15:34:05,爬虫软件开发实习生,直觉信息,上海,上海直觉信息技术有限公司是一家成立于2012年的高新技术企业，是国内领先的互联网用户体验分析决策平台的服务与数据解决方案提供商。秉承专业的服务精神以及拥抱互联网的年轻一代，直觉科技团队将专业与热情付诸于每一项对客户的服务与沟通之中。
2024-09-14 15:34:05,Python爬虫工程师,中帜云媒,武汉,武汉中帜云媒网络科技有限公司致力于全网全行业优势资源整合，为各领域客户提供透明、高效、精准、专业的一站式营销推广解决方案。我们整合新浪微博大V号、微信意见领袖、网红直播、短视频、自媒体平台、信息流、新闻源等全网优势资源，降低客户在广告投放过程中的信息搜集对比时间，公开广告信息、增加广告交易透明度，节省广告主广告投放成本，降低媒体广告方业务营销成本，让广告交易更加便捷、更有保障。
2024-09-14 15:34:06,Python工程师,旭普,广州,"公司简介：
旭普是以GIS（地理信息系统）、GPS（全球卫星定位系统）、RS（遥感）3S空间信息技术以及云计算、云存储、云服务为突出技术特征的软件工程技术研究应用服务商和计算机网络系统集成商；专业提供涉及3S行业信息化建设解决方案、工程应用、集成及大型云数据中心服务，同时还提供具有行业特征的工程资讯设计及环境保护研究实施、档案数字化生产、管理及测绘工程。
旭普成立之初及以全新的管理模式和市场运营理念，利用学科优势及人才资源优势，迅速发展壮大，吸引了大批有志于GIS技术研究、工程应用及致力于推动我国空间信息产业发展且承担过众多GIS工程、有丰富的建设经验的知名专家、博士、硕士以及高级工程技术人员与管理人才，集团目前有500余人，其中博士10人，硕士47人，中高级技术职称100余人；在广州、武汉、成都、福州、哈尔滨、南宁、海口均设有分支机构。经过十余年的积累，专业提供涉及3S技术的行业信息化以及智慧城市建设解决方案、工程应用、系统集成以及大型云数据中心服务。集团已将自己的产品及服务及经营理念应用到国土、水利、农业、智慧城市等多个行业和领域，已形成以广东为中心，辐射华北、华中、华东、华南四大业务服务区域的全国统一的技术服务网络及研发与服务为一体的深入多个行业信息化的公司，并取得了丰硕的研究成果及业绩。

集团核心分支机构：
北斗旭普空间信息产业（武汉）有限公司
广东旭普空间信息技术产业发展有限公司
广州市水科工程咨询有限公司
..................................
产学研合作团队：
空间信息与数字技术国家测绘地理信息局工程研究中心
航天五院钱学森实验室
中科院对地观测与数字地球科学中心
中国科学院地理所
武汉大学国防研究院、遥感信息院、国际软件学院
国防大学四院北斗导航系统实验室
中国地质大学地理信息系统国家工程中心
.........................................
【公司福利】
1、提供行业富有竞争力的薪资待遇，一经录用，待遇从优。
2、五天8小时工作制，周末双休。
3、入职即购买六险一金。
4、根据公司经营状况，年底发放丰厚年终奖金。
5、临近地铁，交通便利。
6、不定期举办员工活动，充实的工作之余享受集体活动的乐趣。
7、完善的调薪晋升激励机制，广阔的职业发展空间，充分肯定您对公司的贡献价值。
8、多种专业技能和管理技能培训，不断提升个人的核心竞争力。
9、公司具备超强的自主研发能力及优质的客户资源，行业前景无限广阔。
10、公司领导亲和，同事友爱，工作氛围和谐愉快。
更多福利，您来了就知道······"
2024-09-14 15:34:06,数据爬虫实习生,心影随形,北京,"1.公司简介：北京心影随形科技有限公司是一家基于AIGC的人工智能基础软件开发、运营商，专注在情感陪伴领域。通过寓教于乐的方式，如在游戏的场景中，提供游戏技能切磋、兴趣话题讨论等的实时互动服务，给到用户实时的游戏陪伴、情感交流。伴随用户熟悉的场景，借助无社交和隐私压力的AI虚拟人让其打开心扉，通过陪伴给予快乐，也促进其更积极、阳光得在真实环境中交流。

2.公司已获得多家知名头部机构近亿元投资支持，AI浪潮中的2C大模型应用领先企业。 创始高管团队深耕互联网多年，团队成员来自百度、bilibili、快手等多家知名互联网公司。公司创始人曾任bilibili副总裁，360、百度高管，完整经历PC、移动互联网、短视频3波互联网浪潮并提前预判趋势并改变行业格局。

3.公司产品：面向二次元人群的AI陪伴类产品，在各大媒体平台搜索“逗逗游戏伙伴”了解公司产品。逗逗游戏伙伴，目前已覆盖国内、日本等多个地区，在用户中广受好评。"
2024-09-14 15:34:07,高级python爬虫工程师,职创教育,北京,北京职创教育旨在打造中国领先的在线教育品牌，专注从事成人在线教育培训。
2024-09-14 15:34:07,python爬虫,嘉畅,徐州,天猫店铺
2024-09-14 15:34:08,python高级开发工程师,英都科技,广州,英都科技隶属博纳德集团子公司，博纳德集团创于2006年，目前员工3000+，经17年奋力发展，成为一家以数字化生态为核心，为企业中后台提供全场景全流程服务的数智化服务商。
2024-09-14 15:34:09,高级爬虫工程师(A94394),西湖心辰,杭州,"西湖心辰（官网：https://www.xinchenai.com/）是一家依托国家重点支持的新型研究型高等学校——西湖大学创办的，成立于2021年7月，由西湖大学博士生导师、前谷歌科学家蓝振忠博士（NLP领域预训练语言模型“ALBERT”第一作者）带队做的AI公司。目前在职员工80人+，硕士及以上占比达40%+。

【核心能力/优势】
1、拥有一支在人工智能、大数据算法等领域具有高水平科研力和科技力的团队。核心成员来自卡耐基梅隆大学、康奈尔大学、南加州大学、英国爱丁堡大学、清华大学、北京大学、浙江大学、北师大等国际国内顶尖学府，并有包括国内外知名互联网公司任职经验(谷歌、阿里、百度、字节等....）；
2、西湖大学研究资源支持；

【产品】
目前旗下共有3款产品：造梦日记、Friday、小天
1、造梦日记
功能简介：造梦日记是由西湖心辰和西湖大学深度学习实验室共同研发的AI绘画工具，用户只需输入几句简单的描述，就能将你的灵感与AI结合，成就一幅幅精美的画作。
关键词：AI绘画、AI自动绘画、AIGC
2、Friday
功能简介：Friday是由西湖大学顶尖NLP技术团队研发的AI内容生成平台，只需通过输入指令，即刻能生成多语种、各类语言风格和内容模版的文章。
关键词：AI写作、AI自动写作、AIGC
3、小天
功能简介：小天是西湖心辰自主研发的，基于Albert对话语言模型的AI辅助心理咨询平台，是人工智能专家协同心理专家与心理咨询师共同开发的智能心理服务产品。
关键词：AI心理咨询
暂未进入商业化运作阶段

【融资情况】
2021年年底完成近千万美元的天使轮融资，由蓝驰创投领投，凯泰资本、西湖科创投跟投。
2023年3月完成由百度风投领投、凯泰资本、西湖大学产业教育基金跟投的pre-A轮融资。
2023年4月完成由浙江金科汤姆猫文化产业股份有限公司（以下简称“汤姆猫”）领投，蓝驰创投跟投的A轮融资
2023年7月完成B轮（汤姆猫追投）"
2024-09-14 15:34:09,python开发工程师,微步在线,北京,"【网络安全赛道的前行者】
微步成立于2015年，是数字时代网络安全技术创新型企业，专注于精准、高效、智能的网络威胁发现和响应，开创并引领中国威胁情报行业的发展，提供“云+流量+端点”全方位威胁发现和响应产品及服务，帮助客户建立全生命周期的威胁监控体系和安全响应能力。公司多次入选全球网络安全500强，是2017-2021年唯一连续四次入选Gartner《全球威胁情报市场指南》的中国公司，并获“红鲱鱼亚洲100强”称号，2021年获评工信部专精特新“小巨人”企业。政府、金融、能源、智能制造、互联网等行业的大型客户正在应用微步提供的新一代安全解决方案。

【国际国内投资机构肯定】
微步在线获得了中金资本、北极光、CPE源峰、高瓴资本等众多知名投资机构青睐，目前已完成E+轮融资，累计融资数十亿元。

【潜力无限、扁平开放的创业团队】
这里不仅有开放、扁平、创新的团队氛围，公司成员们也具备强大的背书：CEO曾是亚马逊中国首席信息安全（CISO），在此之前曾在微软中国负责安全战略；创始人团队曾分别在亚马逊、微软、阿里巴巴任安全要职，对网络安全产品有独到见解；团队伙伴均为来自国内外一线互联网、网安大厂，我们相互学习，共同成长。"
2024-09-14 15:34:20,高级爬虫工程师,,杭州,"高级爬虫工程师(A94394)
20-30K·13薪
西湖心辰
杭州
高级逆向专家
20-30K
浙江意竞网络科技
杭州
高级爬虫工程师(A255746)
20-30K·13薪
西湖心辰
杭州
高级爬虫工程师(A36087)
20-30K·13薪
西湖心辰
杭州
高级爬虫工程师
20-30K·13薪
某计算机软件公司
杭州
高级爬虫工程师
20-30K
反向推理
杭州
高级爬虫工程师
20-30K·15薪
畅唐网络
杭州
爬虫工程师
20-40K·13薪
某计算机软件公司
杭州
中高級爬虫工程师
19-29K·13薪
海南琥信网络科技...
杭州
兼职数据采集（兼职爬虫）
18-28K
杭州天音计算机
杭州
阿里云爬虫工程师
15-30K·16薪
阿里巴巴集团
杭州
Python 爬虫工程师
15-25K
奥创光年
杭州
高级爬虫工程师
15-25K
杰驰科技
杭州
爬虫工程师
15-25K
天齐国际贸易
杭州
爬虫工程师
15-20K
候马传媒
杭州
高级爬虫工程师
15-28K·15薪
畅唐网络
杭州
java爬虫工程师
15-30K·13薪
高帆破浪
杭州
高级爬虫工程师
15-25K·18薪
灵境万维AI
杭州
python爬虫工程师
12-24K
浙江阜博传媒科技
杭州
python爬虫工程师
12-24K
浙江阜博传媒科技
杭州
数据采集工程师
12-24K
浙江连信科技有限公司
杭州
爬虫工程师
12-24K
米塔碳
杭州
python爬虫工程师
11-20K
吉特博通科技
杭州
python爬虫开发工程师
11-20K·14薪
百保
杭州
高级爬虫工程师
13-18K
链企智能
杭州
爬虫工程师
11-15K
亿淳进出口
杭州
爬虫开发工程师
10-15K·13薪
舆途
杭州
爬虫工程师
22-23K
得物App
杭州
高级网络爬虫工程师
14-18K
杭州神尼科技
杭州
高级研发工程师（爬虫）
9-14K
有数
杭州"
2024-09-14 15:34:20,python开发,软通动力,南京,"软通动力信息技术（集团）股份有限公司（以下简称“软通动力”）是中国领先的软件与信息技术服务商，致力于成为具有全球影响力的数字技术服务领导企业，企业数字化转型可信赖合作伙伴。2005年，公司成立于北京，立足中国，服务全球市场。目前，在全球40余个城市设有近百个分支机构和超过20个全球交付中心，员工90000余人。

秉承用数字技术提升客户价值的使命，软通动力长期提供软件与数字技术服务和数字化运营服务，其中软件与数字技术服务包括咨询与解决方案、数字技术服务和通用技术服务；凭借深厚的行业积累，公司在10余个重要行业服务超过1000家国内外客户，其中超过200家客户为世界500强或中国500强企业。
软通动力注重创新和可持续发展。公司已建设30个能力中心，拥有1个国家级工程实验室，5个省市政府认定的工程、技术实验室及研发中心，1个博士后科研工作站，50+技术合作伙伴的生态合作体系，利用多种形式鼓励研发创新，不断探索前沿技术的巨大商业应用潜力。软通动力依托自身的教育平台，开展校企合作、协同育人，为公司长期发展培养人才。

软通动力雇主价值主是张信赖 奋斗与我们一同攀升
信赖 是软通动力为客户创造价值和雇主与员工间彼此成就的纽带
奋斗 是软通人铸就品质与创新精神、恪守持续学习准则、秉持包容开放心态、坚定价值创造信念的基石
与我们一同攀升 是无数来自于不同岗位、不同业务乃至不同地域的软通人对从事的职业、专注的事业、拥有的理念而自豪的信标"
2024-09-14 15:34:21,python开发工程师（外包大厂，地点杭州）,卓越际联科技有限公司,杭州,"卓越际联科技有限公司总部位于杭州市。现全国已设立15个交付中心，分布于全国主要热点城市及香港、新加坡，业务覆盖超过46个城市，现有员工超过5000人。

公司凭借着深厚的行业专长、行业积累和成熟的行业实践、卓越的精英团队和完善的人才管理、完备的交付与服务网络、以及无处不在的创新精神与实践，为客户提供便捷、高质量、低成本的业务交付体验，为客户持续创造关键价值，帮助客户提升企业整体竞争实力。

公司通过不懈努力收获了长期的合作伙伴，服务的大型企业客户超过100+家，覆盖各主要行业，这些客户都与卓越际联形成了长期的战略伙伴关系，卓越际联也积累了丰富的经验并培养了大量的人才。
我公司倡导以人为本，尊贤重仕的企业文化，希望和员工共同发展、共同进步。现诚邀有贤之士加盟，与我公司共谋美好未来"
2024-09-14 15:34:22,爬虫开发工程师,辰华科技,济南,"山东辰华科技信息有限公司（简称辰华科技）2013年始建于泉城济南，是一家致力于科技服务业与大数据、云计算及人工智能等新一代信息技术深度融合、创新与应用的高成长型国家高新技术企业。公司主导业务包括企业战略咨询、项目咨询、财税咨询、知识产权服务、科技成果转移转化及科技资源管理大数据平台定制开发等。
公司组织机构健全、管理规范，现有员工150余人，研究生以上学历人员近20%。历经多年创新发展，辰华科技现包含有科技信息公司、专利代理公司及数据科技公司，已形成科技咨询服务、知识产权服务及其大数据管理平台开发等业务融合共进发展新业态。
作为科技服务新业态引领者，公司属国家高新技术企业、山东省级“专精特新”企业、济南市瞪羚企业、山东省级技术转移服务机构、山东省大数据协会副会长单位、济南市科技服务业联盟副理事长单位、济南市工业互联网创新联盟成员单位等，相继获评“影响济南”科技人物、“山东优质品牌服务”、“山东省服务业高端品牌培育企业”等，2021年入选山东民营企业创新100强。
作为科技资源管理领域软件服务企业，公司建有济南市工程研究中心，属我省科技服务行业企业首家市级创新平台。公司具有计算机信息系统集成及服务资质，通过ISO9001质量管理体系认证、CCRC信息安全服务资质认证，申请发明专利6项、注册商标9项，取得软件著作权30余项，公司长期聚焦科技服务行业，具备较强的科技资源管理大数据平台设计开发能力。
所属子公司山东辰华知识产权代理有限公司属国家正规专利代理机构（机构代码：37336），现具有各领域专利代理师30余人，其中研究生以上学历8人，基于企业技术、产品及所属行业等，组织开展专利预警、分析、布局及挖掘工作，具有丰富的专利代理、优先审查、快速预审等业务经验，可大幅缩短企业专利审查周期并提高授权率，具备较强知识产权服务保障能力。

荣誉资质：
国家高新技术企业（GR201737001678）
山东省级“专精特新”企业（工信）
济南市工程研究中心（发改）
山东省瞪羚企业（工信）
山东优质品牌服务
山东省级科技成果转移转化服务机构
山东民营企业创新100强
山东省服务业高端品牌培育企业
济南市科技服务业联盟副理事长单位
山东省大数据协会副会长单位（首届）
ISO9001质量认证/ISCCC信息安全服务认证
山东省优秀软件企业/信息系统集成及服务资质"
2024-09-14 15:34:22,python开发工程师,河南一起飞航空票...,新乡,河南一起飞航空票务代理有限公司成立于2015-01-05，经营范围包含：一般项目：票务代理服务；日用品销售；针纺织品及原料销售；服装服饰零售；鞋帽零售；厨具卫具及日用杂品零售；工艺美术品及礼仪用品制造（象牙及其制品除外）；玩具销售；五金产品零售；办公用品销售；体育用品及器材零售；塑料制品销售；皮革制品销售；礼品花卉销售；饲料原料销售；建筑装饰材料销售；家具销售；橡胶制品销售；电子产品销售；家用电器销售；仪器仪表销售；电子元器件与机电组件设备制造；制冷、空调设备销售；通讯设备销售；宠物食品及用品零售；美发饰品销售（除依法须经批准的项目外，凭营业执照依法自主开展经营活动）
2024-09-14 15:34:22,Python爬虫工程师,翔游出行,广州,"飞的科技（深圳） 有限公司成立于2018年6月，是康佳集团（股票代码：000016）在新能源出行板块的参股企业，旗下网约车出行品牌名为“喜行约车“，主营业务为网约车平台运营、用户运营和新能源汽车供应链，业务范围已覆盖全国100多个城市。公司奉行“以司机为中心”的核心价值观，致力成为中国最具价值的新能源网约聚合出行运营商。
2018年公司成立以来依托康佳集团的央企资源迅速切入到新能源车销售领域，截至到2019年底自有新能源车资产超过2000台，平均出租率超过95%，在车辆运营和司机运营上积累了丰富的经验。2020年初受疫情影响，整个资产行业收到了巨大的冲击，出租率大幅下滑，面对困难，经营管理层果断决策，商业模式由重转轻。高德地图的聚合模式的兴起给了我们一个新的方向。2020年5月聚合到高德平台以来，喜行约车首创全职司机模式为平台提供了高质量的稳定运力，公司发展进入到快车道，三年单量复合增速超过100%，迅速成长为高德头部平台。于此同时，高德的聚合模式解决了流量问题，极大提高了司机的收入，资产的出租率迅速恢复到疫情前水平，资产和平台发展进入到一个良性循环。喜行约车始终坚持以司机为中心的核心价值观，致力于让司机群体有更多获得感、幸福感、安全感。公司在22个省市建立了35个线下司机服务中心，线下累计服务司机超过6万人次。司机服务中心旨在帮助司机多挣钱的同时少花钱，通过提升司机的跑单技能提升收入，在车辆租金、电费、违章、事故等主要方面则通过整合优质资源和培训等手段降低支出。据统计，通过喜行约车线下服务中心服务过的司机的平均收入高于行业平均收入水平15%。此外，司机服务中心还通过建立车队，规划职业发展方向等措施满足司机群体的社交、自我实现等精神层面的需求，努力成为司机认可的出行品牌。"
2024-09-14 15:34:23,爬虫工程师（北京/杭州/深圳）,如磐科技,杭州,"如磐科技成立于2021年12月，总部位于宁波，并在杭州、西安等地设有分
公司，2022年获得红杉、野草/梅花等投资机构投资。创始人CEO为前央企华润
集团旗下香港主板上市公司资本市场总监，财务部副总经理。前北京国企，民营
企业香港主板上市公司高级副总裁、副总裁、香港办公室负责人。前业务安全独
角兽企业CFO，10年以上企业管理、销售、财务、融资经验，香港中文大学法
律博士。公司核心员工多数来自一线互联网大厂、一线安全公司。
随着国内各行业数字化转型推进，数据安全问题日益凸显。如磐科技作为新
兴的数据安全厂商，致力于将多年的甲乙方数据安全经验，转化成高质量的数据
安全产品和咨询服务，以数据安全运营的思路为客户提供完整的数据安全解决方
案。"
2024-09-14 15:34:24,高级python爬虫工程师,全宏网络,中山,"公司名称中山市全宏网络科技有限公司
法定代表人黄婷婷
成立日期2023-08-08
企业类型有限责任公司（自然人投资或控股）
经营状态在营
注册资金10万
查看全部"
2024-09-14 15:34:24,Python开发工程师（外贸数据领域）,特易资讯,上海,"上海特易信息科技有限公司（简称特易资讯）成立于2004年，是全球领先的外贸资讯服务提供商，总部位于中国上海，现拥有14家直营分支机构和遍及亚洲的经销商网络。十五年来，特易资讯始终秉承“化资讯为资本”的理念，聚焦于国际贸易信息的整合和深入研究，依靠高速的信息流动和以人为中心的操作模式完成对海量信息更有效的汇聚、关联以及交互呈现，致力于为中国外贸企业提供全面的外贸资讯信息服务、精准的数据分析服务、可靠的营销策略支持以及大数据金融服务。
根据企业行业、规模和发展阶段的不同，特易资讯研发、整合出适应企业发展各阶段的一系列外贸资讯平台，如为外向型企业提供外贸行业综合解决方案的“外贸资讯宝4.0PLUS”，全球商业信息数据智能平台“D&B Hoovers”、网站访客智能解决方案“独立站匿名访客识别系统”、全球精准企业联系人搜索平台“易搜”、为中小微企业提供融资撮合服务的“易融通” 以及外贸知识学习平台“易学客”；基于社交和对话，推出全球社交商务沟通平台""Melark""。同时，特易资讯为客户提供更多的增值服务，一年上百场“外贸大讲堂”、“企业家交流会”，为企业提供外贸营销综合解决方案，成为外贸企业必不可少的营销解决方案专家。目前，特易资讯会员已突破50万家，推动会员企业年度交易额突破20亿美元。
特易资讯奉行“爱家人、爱客户”的企业文化，致力于引领中国外贸营销服务行业的发展，汇聚人才、追求卓越，以诚信求实之心，担企业责任之行，成为社会尊敬、客户信赖、员工自豪的标杆企业。
关于我公司的更多信息，您可登陆网站：ad.topease.net
目前全国分公司共计12家，员工数量200＋，特易期待有志之士加入！"
2024-09-14 15:34:25,python爬虫工程师,吉特博通科技,成都,已成立10年+的外企分部，全球分布式办公。公司专注于海外科技创新项目的金融投资，如：web 3.0 、元宇宙、NFT等创新项目，在丰富多变的行业环境中努力开拓，公司团队年轻充满活力，是一个成长迅速的团队！
2024-09-14 15:34:25,高级python爬虫讲师,图灵课堂,长沙,"图灵在线教育集团（品牌名称＂小猫爱学＂在线教育）成立于2017年7月15日，是一家以职业在线教育为基础的科技文化公司，专注于提供多层次、个性化的职业技能培训课程，为各行各业培养技术开发、应用和管理等岗位的中高端人才。
公司目前有六个学院，7大课程：JAVA课程，Python课程，平面设计课程，插画课程，流行音乐课程，播音课程，影视后期课程等精品课程；在线学员覆盖全国各地，学员已突破上百万，好评率高达95%。讲师团队多年来深耕于北上广深一线互联网企业，兼具基础性与前瞻性。依托政策支持、技术进步等系列利好因素，图灵在线的师资力量和办学规模正在飞速成长，未来的图灵将影响到更多的学子，为他们驰聘更广阔的天地插上梦想的翅膀。
目前公司团队350多人，公司每年业绩保持翻倍增长，公司团队90后为主，工作氛围轻松，整体富有激情！"
2024-09-14 15:34:26,Python程序员,潍坊澜熙电子商务,潍坊,"本公司是海澜之家品牌服饰配件类目的合伙人，经营范围包括销售：服饰配件、皮带、鞋帽等。自成立以来我公司趁着这几年全国网民飞速增长，电子商务整体高速发展，网络购物越来越普遍的大趋势下，顺势而上，销售额逐年递增，在天猫、京东、抖音等各大平台拥有多家店铺。公司的办公区1300平，LOFT现代化办公场景，仓储区10000平，在潍坊地区电子商务行业名列前茅。
我公司的员工以90后、95后年轻人为主，集中了一批有志青年，公司员工团结一致，努力争取把公司发展为全国知名的电商企业。公司拥有完善的晋升和选拔机制，适合通过自己的努力开拓事业的有志之士。"
2024-09-14 15:34:26,中级爬虫工程师,播鹰科技,杭州,"播鹰科技专注于更简单高效的数据建设、数字化升级。研发的积木式数据基建产品让人无需技术背景也可以快速成为数据处理分析师，快速培养数据人才、更简单高效处理、清洗、分析数据、大幅降低数据建设与应用的成本。核心成员有着10几年数据建设分析应用的经验，曾为超过10家世界500强企业提供大数据/BI/AI的落地。
团队氛围：
学习型组织
这里没有996、没有PUA，不用甩锅，这里以目标结果为导向，鼓励发挥创造
这里沟通简单、直接，可以直呼老板的名字
如果你经验丰富能独挡一面，给你充分发挥和上升的空间
如果你积极上进，这里有高手指导点拨，带你成长
我们希望你：
有上进心、细心"
2024-09-14 15:34:47,高级爬虫工程师,,杭州,
2024-09-14 15:35:07,高级爬虫工程师,,杭州,
2024-09-14 15:35:27,高级爬虫工程师,,杭州,
2024-09-14 15:35:47,高级爬虫工程师,,杭州,
2024-09-14 15:36:07,高级爬虫工程师,,杭州,
